CommodityTypeId,PreviousCropName,IsPreviousCrop,IsDefault,DefaultCropTypeId,FertA,FertB,FertYo,GermDays,MaxDays,MaxUptake,CanopyA,CanopyB,CanopyGMax,CanopyMin,CanopyIntercept,CanopyC,CanopyD,CanopyE,CanopyF,EarlyFruit,WaterStressStart,WaterStressEnd,StressStart,StressEnd,IsStressable,CanopyMaxFraction,SoilNThreshold,SoilNThresholdMid,SoilNThresholdLate,SoilNThresholdFraction,SoilNThresholdFractionMid,TargetTension1,TargetTension2,TargetTension3,TargetTension4,TensionDry,TensionMoist,TensionWet,MinRootDepth,MaxRootDepth,CropMineralizationRate,MaxNRec,PrevCropK,HarvestIntervalFraction,DaysToEndDate,RootDepthThreshold,SoilNRatioA,SoilNRatioB,SoilNRatioC,NFertilizerFactorA,NFertilizerFactorB,NFertilizerFactorC,NFertilizerFactorD,NUptakeThreshold,StrawberryFertilizationInterval,BedWidth,Rows,BasalKC,SeasonalKCs_0_Id,SeasonalKCs_0_CropTypeId,SeasonalKCs_0_Month,SeasonalKCs_0_KcMax,SeasonalKCs_0_NiToMaxCanopy,SeasonalKCs_0_Density,SeasonalKCs_0_Cover,SeasonalKCs_1_Id,SeasonalKCs_1_CropTypeId,SeasonalKCs_1_Month,SeasonalKCs_1_KcMax,SeasonalKCs_1_NiToMaxCanopy,SeasonalKCs_1_Density,SeasonalKCs_1_Cover,SeasonalKCs_2_Id,SeasonalKCs_2_CropTypeId,SeasonalKCs_2_Month,SeasonalKCs_2_KcMax,SeasonalKCs_2_NiToMaxCanopy,SeasonalKCs_2_Density,SeasonalKCs_2_Cover,SeasonalKCs_3_Id,SeasonalKCs_3_CropTypeId,SeasonalKCs_3_Month,SeasonalKCs_3_KcMax,SeasonalKCs_3_NiToMaxCanopy,SeasonalKCs_3_Density,SeasonalKCs_3_Cover,SeasonalKCs_4_Id,SeasonalKCs_4_CropTypeId,SeasonalKCs_4_Month,SeasonalKCs_4_KcMax,SeasonalKCs_4_NiToMaxCanopy,SeasonalKCs_4_Density,SeasonalKCs_4_Cover,SeasonalKCs_5_Id,SeasonalKCs_5_CropTypeId,SeasonalKCs_5_Month,SeasonalKCs_5_KcMax,SeasonalKCs_5_NiToMaxCanopy,SeasonalKCs_5_Density,SeasonalKCs_5_Cover,SeasonalKCs_6_Id,SeasonalKCs_6_CropTypeId,SeasonalKCs_6_Month,SeasonalKCs_6_KcMax,SeasonalKCs_6_NiToMaxCanopy,SeasonalKCs_6_Density,SeasonalKCs_6_Cover,SeasonalKCs_7_Id,SeasonalKCs_7_CropTypeId,SeasonalKCs_7_Month,SeasonalKCs_7_KcMax,SeasonalKCs_7_NiToMaxCanopy,SeasonalKCs_7_Density,SeasonalKCs_7_Cover,SeasonalKCs_8_Id,SeasonalKCs_8_CropTypeId,SeasonalKCs_8_Month,SeasonalKCs_8_KcMax,SeasonalKCs_8_NiToMaxCanopy,SeasonalKCs_8_Density,SeasonalKCs_8_Cover,SeasonalKCs_9_Id,SeasonalKCs_9_CropTypeId,SeasonalKCs_9_Month,SeasonalKCs_9_KcMax,SeasonalKCs_9_NiToMaxCanopy,SeasonalKCs_9_Density,SeasonalKCs_9_Cover,SeasonalKCs_10_Id,SeasonalKCs_10_CropTypeId,SeasonalKCs_10_Month,SeasonalKCs_10_KcMax,SeasonalKCs_10_NiToMaxCanopy,SeasonalKCs_10_Density,SeasonalKCs_10_Cover,SeasonalKCs_11_Id,SeasonalKCs_11_CropTypeId,SeasonalKCs_11_Month,SeasonalKCs_11_KcMax,SeasonalKCs_11_NiToMaxCanopy,SeasonalKCs_11_Density,SeasonalKCs_11_Cover,TreeNutrientThresholds_0_Id,TreeNutrientThresholds_0_CropTypeId,TreeNutrientThresholds_0_NutrientId,TreeNutrientThresholds_0_SeasonAverage,TreeNutrientThresholds_0_Threshold,TreeNutrientThresholds_0_Recorded,TreeNutrientThresholds_0_TissueFactor,TreeNutrientThresholds_0_TissueCoefficientA,TreeNutrientThresholds_0_TissueCoefficientB,TreeNutrientThresholds_0_NutrientSymbol,TreeNutrientThresholds_0_NutrientUnit,TreeNutrientThresholds_0_NutrientName,TreeNutrientThresholds_1_Id,TreeNutrientThresholds_1_CropTypeId,TreeNutrientThresholds_1_NutrientId,TreeNutrientThresholds_1_SeasonAverage,TreeNutrientThresholds_1_Threshold,TreeNutrientThresholds_1_Recorded,TreeNutrientThresholds_1_TissueFactor,TreeNutrientThresholds_1_TissueCoefficientA,TreeNutrientThresholds_1_TissueCoefficientB,TreeNutrientThresholds_1_NutrientSymbol,TreeNutrientThresholds_1_NutrientUnit,TreeNutrientThresholds_1_NutrientName,TreeNutrientThresholds_2_Id,TreeNutrientThresholds_2_CropTypeId,TreeNutrientThresholds_2_NutrientId,TreeNutrientThresholds_2_SeasonAverage,TreeNutrientThresholds_2_Threshold,TreeNutrientThresholds_2_Recorded,TreeNutrientThresholds_2_TissueFactor,TreeNutrientThresholds_2_TissueCoefficientA,TreeNutrientThresholds_2_TissueCoefficientB,TreeNutrientThresholds_2_NutrientSymbol,TreeNutrientThresholds_2_NutrientUnit,TreeNutrientThresholds_2_NutrientName,TreeNutrientThresholds_3_Id,TreeNutrientThresholds_3_CropTypeId,TreeNutrientThresholds_3_NutrientId,TreeNutrientThresholds_3_SeasonAverage,TreeNutrientThresholds_3_Threshold,TreeNutrientThresholds_3_Recorded,TreeNutrientThresholds_3_TissueFactor,TreeNutrientThresholds_3_TissueCoefficientA,TreeNutrientThresholds_3_TissueCoefficientB,TreeNutrientThresholds_3_NutrientSymbol,TreeNutrientThresholds_3_NutrientUnit,TreeNutrientThresholds_3_NutrientName,TreeNutrientThresholds_4_Id,TreeNutrientThresholds_4_CropTypeId,TreeNutrientThresholds_4_NutrientId,TreeNutrientThresholds_4_SeasonAverage,TreeNutrientThresholds_4_Threshold,TreeNutrientThresholds_4_Recorded,TreeNutrientThresholds_4_TissueFactor,TreeNutrientThresholds_4_TissueCoefficientA,TreeNutrientThresholds_4_TissueCoefficientB,TreeNutrientThresholds_4_NutrientSymbol,TreeNutrientThresholds_4_NutrientUnit,TreeNutrientThresholds_4_NutrientName,VegetativeNDemands_0_Id,VegetativeNDemands_0_CropTypeId,VegetativeNDemands_0_YearMin,VegetativeNDemands_0_YearMax,VegetativeNDemands_0_Low,VegetativeNDemands_0_High,VegetativeNDemands_1_Id,VegetativeNDemands_1_CropTypeId,VegetativeNDemands_1_YearMin,VegetativeNDemands_1_YearMax,VegetativeNDemands_1_Low,VegetativeNDemands_1_High,VegetativeNDemands_2_Id,VegetativeNDemands_2_CropTypeId,VegetativeNDemands_2_YearMin,VegetativeNDemands_2_YearMax,VegetativeNDemands_2_Low,VegetativeNDemands_2_High,VegetativeNDemands_3_Id,VegetativeNDemands_3_CropTypeId,VegetativeNDemands_3_YearMin,VegetativeNDemands_3_YearMax,VegetativeNDemands_3_Low,VegetativeNDemands_3_High,VegetativeNDemands_4_Id,VegetativeNDemands_4_CropTypeId,VegetativeNDemands_4_YearMin,VegetativeNDemands_4_YearMax,VegetativeNDemands_4_Low,VegetativeNDemands_4_High,PerennialRootDepths_0_Id,PerennialRootDepths_0_CropTypeId,PerennialRootDepths_0_YearMin,PerennialRootDepths_0_YearMax,PerennialRootDepths_0_Max,PerennialRootDepths_0_Min,PerennialRootDepths_1_Id,PerennialRootDepths_1_CropTypeId,PerennialRootDepths_1_YearMin,PerennialRootDepths_1_YearMax,PerennialRootDepths_1_Max,PerennialRootDepths_1_Min,PerennialRootDepths_2_Id,PerennialRootDepths_2_CropTypeId,PerennialRootDepths_2_YearMin,PerennialRootDepths_2_YearMax,PerennialRootDepths_2_Max,PerennialRootDepths_2_Min,PerennialRootDepths_3_Id,PerennialRootDepths_3_CropTypeId,PerennialRootDepths_3_YearMin,PerennialRootDepths_3_YearMax,PerennialRootDepths_3_Max,PerennialRootDepths_3_Min,PerennialRootDepths_4_Id,PerennialRootDepths_4_CropTypeId,PerennialRootDepths_4_YearMin,PerennialRootDepths_4_YearMax,PerennialRootDepths_4_Max,PerennialRootDepths_4_Min,Kccov_quad,Kccov_slope,Kccov_int,CovDensityFactor,LeafSenesce,WetAreaDrip,WetAreaMicroSprinkler,InadequateSummerLeafN,ExcessiveSummerLeafN,NFertilizerAdjustment,FertilizerUseEfficiency,CoverCropN,CompostN,ManureN,CropSensitivity,TreeInterceptCoefficient,TreeLeafNCoefficient,TreeIlr4Coefficient,TreeIlr8Coefficient,TreeIlrProductCoefficient,MaxAge,IsMacroTunnelEnabled,DripIrrigationFactor,SprinklerIrrigationFactor,FloodIrrigationFactor,Id,Name,UptakeFactor,UptakeConstant,IsNDependent,IsSelected,PlantingsCount,PerennialCanopies_0_Id,PerennialCanopies_0_CropTypeId,PerennialCanopies_0_Age,PerennialCanopies_0_CanopyA,PerennialCanopies_0_CanopyB,PerennialCanopies_0_CanopyE,PerennialCanopies_0_CanopyF,PerennialCanopies_0_CanopyGMax,PerennialCanopies_0_CanopyMaxFraction,PerennialCanopies_1_Id,PerennialCanopies_1_CropTypeId,PerennialCanopies_1_Age,PerennialCanopies_1_CanopyA,PerennialCanopies_1_CanopyB,PerennialCanopies_1_CanopyE,PerennialCanopies_1_CanopyF,PerennialCanopies_1_CanopyGMax,PerennialCanopies_1_CanopyMaxFraction,PerennialCanopies_2_Id,PerennialCanopies_2_CropTypeId,PerennialCanopies_2_Age,PerennialCanopies_2_CanopyA,PerennialCanopies_2_CanopyB,PerennialCanopies_2_CanopyE,PerennialCanopies_2_CanopyF,PerennialCanopies_2_CanopyGMax,PerennialCanopies_2_CanopyMaxFraction,PerennialCanopies_3_Id,PerennialCanopies_3_CropTypeId,PerennialCanopies_3_Age,PerennialCanopies_3_CanopyA,PerennialCanopies_3_CanopyB,PerennialCanopies_3_CanopyE,PerennialCanopies_3_CanopyF,PerennialCanopies_3_CanopyGMax,PerennialCanopies_3_CanopyMaxFraction,PerennialCanopies_4_Id,PerennialCanopies_4_CropTypeId,PerennialCanopies_4_Age,PerennialCanopies_4_CanopyA,PerennialCanopies_4_CanopyB,PerennialCanopies_4_CanopyE,PerennialCanopies_4_CanopyF,PerennialCanopies_4_CanopyGMax,PerennialCanopies_4_CanopyMaxFraction,PerennialCanopies_5_Id,PerennialCanopies_5_CropTypeId,PerennialCanopies_5_Age,PerennialCanopies_5_CanopyA,PerennialCanopies_5_CanopyB,PerennialCanopies_5_CanopyE,PerennialCanopies_5_CanopyF,PerennialCanopies_5_CanopyGMax,PerennialCanopies_5_CanopyMaxFraction,PerennialCanopies_6_Id,PerennialCanopies_6_CropTypeId,PerennialCanopies_6_Age,PerennialCanopies_6_CanopyA,PerennialCanopies_6_CanopyB,PerennialCanopies_6_CanopyE,PerennialCanopies_6_CanopyF,PerennialCanopies_6_CanopyGMax,PerennialCanopies_6_CanopyMaxFraction,PerennialCanopies_7_Id,PerennialCanopies_7_CropTypeId,PerennialCanopies_7_Age,PerennialCanopies_7_CanopyA,PerennialCanopies_7_CanopyB,PerennialCanopies_7_CanopyE,PerennialCanopies_7_CanopyF,PerennialCanopies_7_CanopyGMax,PerennialCanopies_7_CanopyMaxFraction,PerennialCanopies_8_Id,PerennialCanopies_8_CropTypeId,PerennialCanopies_8_Age,PerennialCanopies_8_CanopyA,PerennialCanopies_8_CanopyB,PerennialCanopies_8_CanopyE,PerennialCanopies_8_CanopyF,PerennialCanopies_8_CanopyGMax,PerennialCanopies_8_CanopyMaxFraction,TreeNutrientThresholds_5_Id,TreeNutrientThresholds_5_CropTypeId,TreeNutrientThresholds_5_NutrientId,TreeNutrientThresholds_5_SeasonAverage,TreeNutrientThresholds_5_Threshold,TreeNutrientThresholds_5_Recorded,TreeNutrientThresholds_5_TissueFactor,TreeNutrientThresholds_5_TissueCoefficientA,TreeNutrientThresholds_5_TissueCoefficientB,TreeNutrientThresholds_5_NutrientSymbol,TreeNutrientThresholds_5_NutrientUnit,TreeNutrientThresholds_5_NutrientName,TreeNutrientThresholds_6_Id,TreeNutrientThresholds_6_CropTypeId,TreeNutrientThresholds_6_NutrientId,TreeNutrientThresholds_6_SeasonAverage,TreeNutrientThresholds_6_Threshold,TreeNutrientThresholds_6_Recorded,TreeNutrientThresholds_6_TissueFactor,TreeNutrientThresholds_6_TissueCoefficientA,TreeNutrientThresholds_6_TissueCoefficientB,TreeNutrientThresholds_6_NutrientSymbol,TreeNutrientThresholds_6_NutrientUnit,TreeNutrientThresholds_6_NutrientName
17,Alfalfa,False,True,,1.2021,0.1102,0.8275,0.16,0.8,120.0,4.0,-13.876,90.0,30.0,0.0,1.0,0.0,,,,,,,,False,1.0,15.0,20.0,15.0,0.2,0.75,60.0,45.0,35.0,25.0,,,,2.0,3.0,0.0,60.0,0.0,0.0,364.0,0.0,0.0,0.0,0.0,0.0,0.0,0.0,0.0,0.0,14,40.0,6.0,0.2,1.0,6302.0,1.0,,35.0,,,2.0,6302.0,2.0,,40.0,,,3.0,6302.0,3.0,,37.0,,,4.0,6302.0,4.0,,35.0,,,5.0,6302.0,5.0,,35.0,,,6.0,6302.0,6.0,,35.0,,,7.0,6302.0,7.0,,35.0,,,8.0,6302.0,8.0,,35.0,,,9.0,6302.0,9.0,,37.0,,,10.0,6302.0,10.0,,39.0,,,11.0,6302.0,11.0,,42.0,,,12.0,6302.0,12.0,,45.0,,,36.0,6302.0,1.0,,,,,,,N,%,Nitrogen,37.0,6302.0,3.0,,,,,,,K,%,Potassium,38.0,6302.0,4.0,,,,,,,Ca,%,Calcium,39.0,6302.0,5.0,,,,,,,Mg,%,Magnesium,40.0,6302.0,11.0,,,,,,,B,ppm,Boron,61,6302,0,1,0,0,62,6302,2,4,0,0,63,6302,5,8,0,0,64,6302,9,16,0,0,65,6302,17,1000000,0,0,16,6302,0,1,2.0,0.3,17,6302,1,2,3.0,2.0,18,6302,2,3,4.0,3.0,19,6302,3,4,4.0,4.0,20,6302,4,1000000,4.0,4.0,,,,,,,,,,,,0.0,0.0,0.0,,,,,,,9.0,False,0.2,1.0,1.0,6302,Alfalfa,0.0,0.0,False,False,0,,,,,,,,,,,,,,,,,,,,,,,,,,,,,,,,,,,,,,,,,,,,,,,,,,,,,,,,,,,,,,,,,,,,,,,,,,,,,,,,,,,,,,,,,,,,,,,,,,,,,,,,,
18,,False,True,,0.9586,0.0647,0.3483,0.0,0.8,120.0,4.9508,-13.876,80.0,,1.22,1.75,-0.005,-0.36,1.24,,50.0,50.0,0.5,0.57,True,0.55,15.0,20.0,15.0,0.2,3.0,60.0,60.0,40.0,35.0,,,,3.5,4.0,0.0,50.0,0.0,0.9,265.0,0.0,0.0,0.0,0.0,0.0,0.0,0.0,0.0,0.0,0,40.0,2.0,1.5,13.0,6303.0,1.0,,35.0,1.0,50.0,14.0,6303.0,2.0,,40.0,1.0,30.0,15.0,6303.0,3.0,,37.0,0.0,30.0,16.0,6303.0,4.0,,35.0,0.0,0.0,17.0,6303.0,5.0,,35.0,0.0,0.0,18.0,6303.0,6.0,,35.0,0.0,0.0,19.0,6303.0,7.0,,35.0,0.0,0.0,20.0,6303.0,8.0,,35.0,0.0,0.0,21.0,6303.0,9.0,,37.0,0.0,0.0,22.0,6303.0,10.0,,39.0,0.0,0.0,23.0,6303.0,11.0,,42.0,0.0,0.0,24.0,6303.0,12.0,,45.0,0.0,0.0,16.0,6303.0,1.0,3.43,7.0,,1.0,-1.6969,0.75595,N,%,Nitrogen,17.0,6303.0,3.0,2.23,5.0,,39.09,3.55387,,K,%,Potassium,18.0,6303.0,4.0,1.75,6.0,,40.078,2.0,,Ca,%,Calcium,19.0,6303.0,5.0,0.36,0.6,,24.305,2.0,,Mg,%,Magnesium,20.0,6303.0,11.0,44.39,100.0,,1.0,-0.0126,,B,ppm,Boron,26,6303,0,1,5,10,27,6303,2,4,20,25,28,6303,5,8,40,45,29,6303,9,16,30,35,30,6303,17,1000000,25,30,6,6303,0,1,2.5,1.5,7,6303,1,2,4.0,2.5,8,6303,2,3,4.0,4.0,9,6303,3,4,4.0,4.0,10,6303,4,1000000,4.0,4.0,-0.002,0.8,0.0,0.5,0.65,30.0,60.0,2.35,2.5,20.0,80.0,0.0,0.0,0.0,1.0,,,,,,14.0,False,0.15,1.0,1.0,6303,Almond Sacramento Valley,0.068,0.0,True,False,0,1.0,6303.0,0.0,4.95,-13.87,-0.37,1.24,15.0,0.7,2.0,6303.0,1.0,4.95,-13.87,-0.37,1.24,25.0,0.75,3.0,6303.0,2.0,4.95,-13.87,-0.37,1.24,35.0,0.75,4.0,6303.0,3.0,4.95,-13.87,-0.37,1.24,45.0,0.75,5.0,6303.0,4.0,4.95,-13.87,-0.37,1.24,55.0,0.7,6.0,6303.0,5.0,4.95,-13.87,-0.37,1.24,70.0,0.5,7.0,6303.0,6.0,4.95,-13.87,-0.37,1.24,75.0,0.5,8.0,6303.0,7.0,4.95,-13.87,-0.37,1.24,80.0,0.5,9.0,6303.0,8.0,4.95,-13.87,-0.37,1.24,80.0,0.5,,,,,,,,,,,,,,,,,,,,,,,,
18,,False,True,,0.9586,0.0647,0.3483,0.0,0.8,120.0,4.9508,-13.876,80.0,,1.22,1.75,-0.005,-0.36,1.24,,80.0,80.0,0.47,0.55,True,0.55,15.0,20.0,15.0,0.2,3.0,50.0,50.0,45.0,35.0,,,,3.5,4.0,0.0,50.0,0.0,0.9,265.0,0.0,0.0,0.0,0.0,0.0,0.0,0.0,0.0,0.0,0,40.0,2.0,1.5,65741.0,13861.0,1.0,,35.0,1.0,50.0,65742.0,13861.0,2.0,,40.0,1.0,30.0,65743.0,13861.0,3.0,,37.0,0.0,20.0,65744.0,13861.0,4.0,,35.0,0.0,0.0,65745.0,13861.0,5.0,,35.0,0.0,0.0,65746.0,13861.0,6.0,,35.0,0.0,0.0,65747.0,13861.0,7.0,,35.0,0.0,0.0,65748.0,13861.0,8.0,,35.0,0.0,0.0,65749.0,13861.0,9.0,,37.0,0.0,0.0,65750.0,13861.0,10.0,,39.0,0.0,0.0,65751.0,13861.0,11.0,,42.0,0.0,0.0,65752.0,13861.0,12.0,,45.0,0.0,0.0,32966.0,13861.0,1.0,3.43,7.0,,1.0,-1.6969,0.75595,N,%,Nitrogen,32968.0,13861.0,3.0,2.23,5.0,,39.09,3.55387,,K,%,Potassium,32969.0,13861.0,4.0,1.75,6.0,,40.078,2.0,,Ca,%,Calcium,32970.0,13861.0,5.0,0.36,0.6,,24.305,2.0,,Mg,%,Magnesium,32971.0,13861.0,11.0,44.39,100.0,,1.0,-0.0126,,B,ppm,Boron,27237,13861,0,1,5,10,27238,13861,2,4,20,25,27239,13861,5,8,40,45,27240,13861,9,16,30,35,27241,13861,17,1000000,25,30,4841,13861,0,1,2.5,1.5,4842,13861,1,2,4.0,2.5,4843,13861,2,3,4.0,4.0,4844,13861,3,4,4.0,4.0,4845,13861,4,1000000,4.0,4.0,-0.002,0.8,0.0,0.5,0.65,30.0,60.0,2.35,2.5,20.0,80.0,0.0,0.0,0.0,1.0,,,,,,14.0,False,0.15,1.0,1.0,13861,Almond Southern San Joaquin Valley,0.068,0.0,True,False,0,5716.0,13861.0,0.0,4.95,-13.87,-0.37,1.24,15.0,0.7,5717.0,13861.0,1.0,4.95,-13.87,-0.37,1.24,20.0,0.75,5718.0,13861.0,2.0,4.95,-13.87,-0.37,1.24,30.0,0.75,5719.0,13861.0,3.0,4.95,-13.87,-0.37,1.24,40.0,0.75,5720.0,13861.0,4.0,4.95,-13.87,-0.37,1.24,60.0,0.7,5721.0,13861.0,5.0,4.95,-13.87,-0.37,1.24,70.0,0.5,5722.0,13861.0,6.0,4.95,-13.87,-0.37,1.24,75.0,0.5,5723.0,13861.0,7.0,4.95,-13.87,-0.37,1.24,80.0,0.5,5724.0,13861.0,8.0,4.95,-13.87,-0.37,1.24,80.0,0.5,,,,,,,,,,,,,,,,,,,,,,,,
36,Broccoli,False,True,,1.0213,0.0892,0.666,0.22,0.65,275.0,6.0,-11.295,98.0,,0.63,1.75,-0.0065,,,,,,,,False,0.63,10.0,15.0,10.0,0.15,0.6,40.0,35.0,30.0,,,,,0.3,3.0,28.7,60.0,1.0,0.9,170.0,1.5,0.2,0.4,0.6,1.0,1.3,1.0,1.0,0.5,30,40.0,1.0,,43469.0,10484.0,1.0,,,,,43470.0,10484.0,2.0,,,,,43471.0,10484.0,3.0,,,,,43472.0,10484.0,4.0,,,,,43473.0,10484.0,5.0,,,,,43474.0,10484.0,6.0,,,,,43475.0,10484.0,7.0,,,,,43476.0,10484.0,8.0,,,,,43477.0,10484.0,9.0,,,,,43478.0,10484.0,10.0,,,,,43479.0,10484.0,11.0,,,,,43480.0,10484.0,12.0,,,,,15504.0,10484.0,1.0,,,,,,,N,%,Nitrogen,15505.0,10484.0,2.0,,,,,,,P,%,Phosphorus,15506.0,10484.0,3.0,,,,,,,K,%,Potassium,15507.0,10484.0,4.0,,,,,,,Ca,%,Calcium,15508.0,10484.0,5.0,,,,,,,Mg,%,Magnesium,13222,10484,0,1,0,0,13223,10484,2,4,0,0,13224,10484,5,8,0,0,13225,10484,9,16,0,0,13226,10484,17,1000000,0,0,136,10484,0,1,3.0,0.3,137,10484,1,2,4.0,3.0,138,10484,2,3,0.0,0.0,139,10484,3,4,0.0,0.0,140,10484,4,1000000,0.0,0.0,,,,,,,,,,,,0.0,0.0,0.0,,,,,,,0.0,False,0.5,1.0,0.6,10484,Annual Artichoke 40-inch beds summer,0.0,0.0,True,False,0,,,,,,,,,,,,,,,,,,,,,,,,,,,,,,,,,,,,,,,,,,,,,,,,,,,,,,,,,,,,,,,,,,,,,,,,,,,,,,,,,,15510.0,10484.0,6.0,,,,,,,S,%,Sulfur,15509.0,10484.0,11.0,,,,,,,B,ppm,Boron
36,Broccoli,False,True,,1.0213,0.0892,0.666,0.22,0.65,275.0,6.0,-11.295,98.0,,0.63,1.75,-0.0065,,,,,,,,False,0.63,10.0,15.0,10.0,0.15,0.6,40.0,35.0,30.0,,,,,0.3,3.0,28.7,60.0,1.0,0.9,170.0,1.5,0.2,0.4,0.6,1.0,1.3,1.0,1.0,0.5,30,80.0,1.0,,43421.0,10480.0,1.0,,,,,43422.0,10480.0,2.0,,,,,43423.0,10480.0,3.0,,,,,43424.0,10480.0,4.0,,,,,43425.0,10480.0,5.0,,,,,43426.0,10480.0,6.0,,,,,43427.0,10480.0,7.0,,,,,43428.0,10480.0,8.0,,,,,43429.0,10480.0,9.0,,,,,43430.0,10480.0,10.0,,,,,43431.0,10480.0,11.0,,,,,43432.0,10480.0,12.0,,,,,15482.0,10480.0,1.0,,,,,,,N,%,Nitrogen,15483.0,10480.0,2.0,,,,,,,P,%,Phosphorus,15484.0,10480.0,3.0,,,,,,,K,%,Potassium,15485.0,10480.0,4.0,,,,,,,Ca,%,Calcium,15486.0,10480.0,5.0,,,,,,,Mg,%,Magnesium,13202,10480,0,1,0,0,13203,10480,2,4,0,0,13204,10480,5,8,0,0,13205,10480,9,16,0,0,13206,10480,17,1000000,0,0,131,10480,0,1,0.0,0.0,132,10480,1,2,0.0,0.0,133,10480,2,3,0.0,0.0,134,10480,3,4,0.0,0.0,135,10480,4,1000000,0.0,0.0,,,,,,,,,,,,0.0,0.0,0.0,,,,,,,,False,1.0,0.5,0.6,10480,Annual Artichoke 80-inch beds summer,0.0,0.0,True,False,0,,,,,,,,,,,,,,,,,,,,,,,,,,,,,,,,,,,,,,,,,,,,,,,,,,,,,,,,,,,,,,,,,,,,,,,,,,,,,,,,,,15488.0,10480.0,6.0,,,,,,,S,%,Sulfur,15487.0,10480.0,11.0,,,,,,,B,ppm,Boron
21,Baby Greens,False,True,,1.3946,0.1398,0.8701,0.3,1.0,80.0,4.7379,-9.9969,80.0,,0.63,1.5,-0.0039,,,,,,,,False,1.0,20.0,25.0,15.0,0.2,0.7,1.0,30.0,0.9,27.0,1.2,0.4,0.2,0.5,2.0,0.0,50.0,1.0,0.9,0.0,1.2,0.2,0.4,0.6,1.0,1.3,1.5,1.6,0.5,30,0.6,1.0,,1357.0,6361.0,1.0,,,,,1358.0,6361.0,2.0,,,,,1359.0,6361.0,3.0,,,,,1360.0,6361.0,4.0,,,,,1361.0,6361.0,5.0,,,,,1362.0,6361.0,6.0,,,,,1363.0,6361.0,7.0,,,,,1364.0,6361.0,8.0,,,,,1365.0,6361.0,9.0,,,,,1366.0,6361.0,10.0,,,,,1367.0,6361.0,11.0,,,,,1368.0,6361.0,12.0,,,,,276.0,6361.0,1.0,,,,,,,N,%,Nitrogen,277.0,6361.0,3.0,,,,,,,K,%,Potassium,278.0,6361.0,4.0,,,,,,,Ca,%,Calcium,279.0,6361.0,5.0,,,,,,,Mg,%,Magnesium,280.0,6361.0,11.0,,,,,,,B,ppm,Boron,66,6361,0,1,0,0,67,6361,2,4,0,0,68,6361,5,8,0,0,69,6361,9,16,0,0,70,6361,17,1000000,0,0,21,6361,0,1,0.0,0.0,22,6361,1,2,0.0,0.0,23,6361,2,3,0.0,0.0,24,6361,3,4,0.0,0.0,25,6361,4,1000000,0.0,0.0,,,,,,,,,,,,0.0,0.0,0.0,,,,,,,,False,0.5,1.0,0.5,6361,Arugula baby green (Hawaii/Untested),0.0,0.0,True,False,0,,,,,,,,,,,,,,,,,,,,,,,,,,,,,,,,,,,,,,,,,,,,,,,,,,,,,,,,,,,,,,,,,,,,,,,,,,,,,,,,,,,,,,,,,,,,,,,,,,,,,,,,,
20,Cabbage,False,True,,1.0896,0.1191,0.7079,0.1,0.62,200.0,4.8231,-9.3545,82.0,,0.63,1.71,-0.0061,,,,,,,,False,1.0,15.0,20.0,10.0,0.15,0.6,35.0,30.0,,,,,,0.5,2.0,0.0,50.0,1.0,0.9,64.0,1.2,0.2,0.4,0.6,1.0,1.3,1.5,1.6,0.5,30,40.0,2.0,,,,,,,,,,,,,,,,,,,,,,,,,,,,,,,,,,,,,,,,,,,,,,,,,,,,,,,,,,,,,,,,,,,,,,,,,,,,,,,,,,,,,,29361.0,13174.0,1.0,,,,,,,N,%,Nitrogen,29362.0,13174.0,2.0,,,,,,,P,%,Phosphorus,29363.0,13174.0,3.0,,,,,,,K,%,Potassium,29364.0,13174.0,4.0,,,,,,,Ca,%,Calcium,29365.0,13174.0,5.0,,,,,,,Mg,%,Magnesium,23792,13174,0,1,0,0,23793,13174,2,4,0,0,23794,13174,5,8,0,0,23795,13174,9,16,0,0,23796,13174,17,1000000,0,0,916,13174,0,1,0.0,0.0,917,13174,1,2,0.0,0.0,918,13174,2,3,0.0,0.0,919,13174,3,4,0.0,0.0,920,13174,4,1000000,0.0,0.0,,,,,,,,,,,,0.0,0.0,0.0,1.0,,,,,,,False,0.5,1.0,0.6,13174,"Bok choy  2 rows, 40-inch beds, summer",0.0,0.0,True,False,0,,,,,,,,,,,,,,,,,,,,,,,,,,,,,,,,,,,,,,,,,,,,,,,,,,,,,,,,,,,,,,,,,,,,,,,,,,,,,,,,,,29367.0,13174.0,6.0,,,,,,,S,%,Sulfur,29366.0,13174.0,11.0,,,,,,,B,ppm,Boron
2,Broccoli,False,True,,1.0835,0.1292,0.6968,0.22,0.65,337.0,6.7358,-11.847,98.0,,0.63,1.75,-0.0065,,,,,,,,False,0.78,15.0,20.0,10.0,0.15,0.6,1.0,30.0,0.9,88.0,,,,0.5,2.0,0.4,50.0,1.0,0.9,70.0,1.2,0.2,0.4,0.6,1.0,1.3,1.5,1.6,0.5,0,0.6,1.0,,1369.0,6362.0,1.0,,,,,1370.0,6362.0,2.0,,,,,1371.0,6362.0,3.0,,,,,1372.0,6362.0,4.0,,,,,1373.0,6362.0,5.0,,,,,1374.0,6362.0,6.0,,,,,1375.0,6362.0,7.0,,,,,1376.0,6362.0,8.0,,,,,1377.0,6362.0,9.0,,,,,1378.0,6362.0,10.0,,,,,1379.0,6362.0,11.0,,,,,1380.0,6362.0,12.0,,,,,281.0,6362.0,1.0,,,,,,,N,%,Nitrogen,282.0,6362.0,3.0,,,,,,,K,%,Potassium,283.0,6362.0,4.0,,,,,,,Ca,%,Calcium,284.0,6362.0,5.0,,,,,,,Mg,%,Magnesium,285.0,6362.0,11.0,,,,,,,B,ppm,Boron,71,6362,0,1,0,0,72,6362,2,4,0,0,73,6362,5,8,0,0,74,6362,9,16,0,0,75,6362,17,1000000,0,0,26,6362,0,1,0.0,0.0,27,6362,1,2,0.0,0.0,28,6362,2,3,0.0,0.0,29,6362,3,4,0.0,0.0,30,6362,4,1000000,0.0,0.0,,,,,,,,,,,,0.0,0.0,0.0,,,,,,,,False,0.5,1.0,0.6,6362,Broccoli (Hawaii),0.0,0.0,True,False,0,,,,,,,,,,,,,,,,,,,,,,,,,,,,,,,,,,,,,,,,,,,,,,,,,,,,,,,,,,,,,,,,,,,,,,,,,,,,,,,,,,,,,,,,,,,,,,,,,,,,,,,,,
2,Broccoli,False,True,,1.0835,0.1292,0.6968,0.22,0.65,337.0,6.7358,-11.847,98.0,,0.63,1.75,-0.0065,,,,,,,,False,0.78,15.0,20.0,10.0,0.15,0.6,40.0,35.0,30.0,,,,,0.3,3.0,28.7,120.0,1.0,0.9,88.0,1.5,0.2,0.4,0.6,1.0,1.3,1.0,1.0,0.5,30,40.0,2.0,,1381.0,15.0,1.0,,,,,1382.0,15.0,2.0,,,,,1383.0,15.0,3.0,,,,,1384.0,15.0,4.0,,,,,1385.0,15.0,5.0,,,,,1386.0,15.0,6.0,,,,,1387.0,15.0,7.0,,,,,1388.0,15.0,8.0,,,,,1389.0,15.0,9.0,,,,,1390.0,15.0,10.0,,,,,1391.0,15.0,11.0,,,,,1392.0,15.0,12.0,,,,,286.0,15.0,1.0,,,,,,,N,%,Nitrogen,287.0,15.0,3.0,,,,,,,K,%,Potassium,288.0,15.0,4.0,,,,,,,Ca,%,Calcium,289.0,15.0,5.0,,,,,,,Mg,%,Magnesium,290.0,15.0,11.0,,,,,,,B,ppm,Boron,18017,15,0,1,0,0,18018,15,2,4,0,0,18019,15,5,8,0,0,18020,15,9,16,0,0,18021,15,17,1000000,0,0,236,15,0,1,0.0,0.0,237,15,1,2,0.0,0.0,238,15,2,3,0.0,0.0,239,15,3,4,0.0,0.0,240,15,4,1000000,0.0,0.0,,,,,,,,,,,,0.0,0.0,0.0,,,,,,,,False,0.5,1.0,0.6,15,"Broccoli 2 row, 40-inch bed, summer",0.0,0.0,True,False,0,,,,,,,,,,,,,,,,,,,,,,,,,,,,,,,,,,,,,,,,,,,,,,,,,,,,,,,,,,,,,,,,,,,,,,,,,,,,,,,,,,,,,,,,,,,,,,,,,,,,,,,,,
2,Broccoli,False,True,,2.205,0.148,1.0274,0.17,0.65,249.0,5.6756,-8.4931,89.0,,0.63,1.75,-0.0065,,,,,,,,False,0.94,15.0,20.0,10.0,0.15,0.6,45.0,35.0,30.0,,,,,0.3,3.0,28.7,100.0,1.0,0.9,137.0,1.7,0.2,0.4,0.6,1.0,1.3,1.0,1.0,0.5,30,40.0,2.0,,1393.0,13.0,1.0,,,,,1394.0,13.0,2.0,,,,,1395.0,13.0,3.0,,,,,1396.0,13.0,4.0,,,,,1397.0,13.0,5.0,,,,,1398.0,13.0,6.0,,,,,1399.0,13.0,7.0,,,,,1400.0,13.0,8.0,,,,,1401.0,13.0,9.0,,,,,1402.0,13.0,10.0,,,,,1403.0,13.0,11.0,,,,,1404.0,13.0,12.0,,,,,291.0,13.0,1.0,,,,,,,N,%,Nitrogen,292.0,13.0,3.0,,,,,,,K,%,Potassium,293.0,13.0,4.0,,,,,,,Ca,%,Calcium,294.0,13.0,5.0,,,,,,,Mg,%,Magnesium,295.0,13.0,11.0,,,,,,,B,ppm,Boron,18022,13,0,1,0,0,18023,13,2,4,0,0,18024,13,5,8,0,0,18025,13,9,16,0,0,18026,13,17,1000000,0,0,241,13,0,1,0.0,0.0,242,13,1,2,0.0,0.0,243,13,2,3,0.0,0.0,244,13,3,4,0.0,0.0,245,13,4,1000000,0.0,0.0,,,,,,,,,,,,0.0,0.0,0.0,,,,,,,,False,0.5,1.0,0.6,13,"Broccoli 2 row, 40-inch bed, winter",0.0,0.0,True,False,0,,,,,,,,,,,,,,,,,,,,,,,,,,,,,,,,,,,,,,,,,,,,,,,,,,,,,,,,,,,,,,,,,,,,,,,,,,,,,,,,,,,,,,,,,,,,,,,,,,,,,,,,,
19,Broccoli,False,True,,1.0134,0.1442,0.464,0.22,0.65,440.0,3.683,-17.036,92.0,,0.63,1.75,-0.0065,,,,,,,,False,1.0,10.0,15.0,5.0,0.15,0.6,50.0,40.0,35.0,30.0,,,,0.3,4.0,28.7,60.0,1.0,0.9,160.0,1.5,0.2,0.4,0.6,1.0,1.3,1.0,1.0,0.5,30,40.0,1.0,,54521.0,11436.0,1.0,,,,,54522.0,11436.0,2.0,,,,,54523.0,11436.0,3.0,,,,,54524.0,11436.0,4.0,,,,,54525.0,11436.0,5.0,,,,,54526.0,11436.0,6.0,,,,,54527.0,11436.0,7.0,,,,,54528.0,11436.0,8.0,,,,,54529.0,11436.0,9.0,,,,,54530.0,11436.0,10.0,,,,,54531.0,11436.0,11.0,,,,,54532.0,11436.0,12.0,,,,,20540.0,11436.0,1.0,,,,,,,N,%,Nitrogen,20541.0,11436.0,2.0,,,,,,,P,%,Phosphorus,20542.0,11436.0,3.0,,,,,,,K,%,Potassium,20543.0,11436.0,4.0,,,,,,,Ca,%,Calcium,20544.0,11436.0,5.0,,,,,,,Mg,%,Magnesium,18042,11436,0,1,0,0,18043,11436,2,4,0,0,18044,11436,5,8,0,0,18045,11436,9,16,0,0,18046,11436,17,1000000,0,0,246,11436,0,1,3.0,0.3,247,11436,1,2,4.0,3.0,248,11436,2,3,0.0,0.0,249,11436,3,4,0.0,0.0,250,11436,4,1000000,0.0,0.0,,,,,,,,,,,,0.0,0.0,0.0,,,,,,,0.0,False,0.5,1.0,0.6,11436,"Brussels sprouts 1 row, 40 inch bed (summer/fall harvest)",0.0,0.0,True,False,0,,,,,,,,,,,,,,,,,,,,,,,,,,,,,,,,,,,,,,,,,,,,,,,,,,,,,,,,,,,,,,,,,,,,,,,,,,,,,,,,,,20546.0,11436.0,6.0,,,,,,,S,%,Sulfur,20545.0,11436.0,11.0,,,,,,,B,ppm,Boron
19,Broccoli,False,True,,1.0134,0.1442,0.464,0.22,0.65,325.0,3.683,-17.036,92.0,,0.63,1.75,-0.0065,,,,,,,,False,1.0,10.0,15.0,7.0,0.15,0.6,50.0,40.0,35.0,30.0,,,,0.3,4.0,28.7,60.0,1.0,0.9,193.0,1.5,0.2,0.4,0.6,1.0,1.3,1.0,1.0,0.5,30,40.0,1.0,,54533.0,11437.0,1.0,,,,,54534.0,11437.0,2.0,,,,,54535.0,11437.0,3.0,,,,,54536.0,11437.0,4.0,,,,,54537.0,11437.0,5.0,,,,,54538.0,11437.0,6.0,,,,,54539.0,11437.0,7.0,,,,,54540.0,11437.0,8.0,,,,,54541.0,11437.0,9.0,,,,,54542.0,11437.0,10.0,,,,,54543.0,11437.0,11.0,,,,,54544.0,11437.0,12.0,,,,,20547.0,11437.0,1.0,,,,,,,N,%,Nitrogen,20548.0,11437.0,2.0,,,,,,,P,%,Phosphorus,20549.0,11437.0,3.0,,,,,,,K,%,Potassium,20550.0,11437.0,4.0,,,,,,,Ca,%,Calcium,20551.0,11437.0,5.0,,,,,,,Mg,%,Magnesium,18047,11437,0,1,0,0,18048,11437,2,4,0,0,18049,11437,5,8,0,0,18050,11437,9,16,0,0,18051,11437,17,1000000,0,0,251,11437,0,1,3.0,0.3,252,11437,1,2,4.0,3.0,253,11437,2,3,0.0,0.0,254,11437,3,4,0.0,0.0,255,11437,4,1000000,0.0,0.0,,,,,,,,,,,,0.0,0.0,0.0,,,,,,,0.0,False,0.5,1.0,0.6,11437,"Brussels sprouts 1 row, 40 inch bed (winter harvest)",0.0,0.0,True,False,0,,,,,,,,,,,,,,,,,,,,,,,,,,,,,,,,,,,,,,,,,,,,,,,,,,,,,,,,,,,,,,,,,,,,,,,,,,,,,,,,,,20553.0,11437.0,6.0,,,,,,,S,%,Sulfur,20552.0,11437.0,11.0,,,,,,,B,ppm,Boron
7,Cabbage,False,True,,1.0411,0.1354,0.6429,0.04,0.62,317.0,4.6355,-9.6872,98.0,,0.63,1.71,-0.0061,,,,,,,,False,0.81,15.0,20.0,10.0,0.15,0.6,35.0,30.0,,,,,,0.3,2.0,30.0,75.0,1.0,0.9,77.0,1.7,0.2,0.4,0.6,1.0,1.3,1.0,1.0,0.5,30,40.0,2.0,,1405.0,20.0,1.0,,,,,1406.0,20.0,2.0,,,,,1407.0,20.0,3.0,,,,,1408.0,20.0,4.0,,,,,1409.0,20.0,5.0,,,,,1410.0,20.0,6.0,,,,,1411.0,20.0,7.0,,,,,1412.0,20.0,8.0,,,,,1413.0,20.0,9.0,,,,,1414.0,20.0,10.0,,,,,1415.0,20.0,11.0,,,,,1416.0,20.0,12.0,,,,,296.0,20.0,1.0,,,,,,,N,%,Nitrogen,297.0,20.0,3.0,,,,,,,K,%,Potassium,298.0,20.0,4.0,,,,,,,Ca,%,Calcium,299.0,20.0,5.0,,,,,,,Mg,%,Magnesium,300.0,20.0,11.0,,,,,,,B,ppm,Boron,0,0,0,1,0,0,0,0,2,4,0,0,0,0,5,8,0,0,0,0,9,16,0,0,0,0,17,1000000,0,0,0,0,0,1,0.0,0.0,0,0,1,2,0.0,0.0,0,0,2,3,0.0,0.0,0,0,3,4,0.0,0.0,0,0,4,1000000,0.0,0.0,,,,,,,,,,,,0.0,0.0,0.0,,,,,,,,False,0.5,1.0,0.6,20,"Cabbage-green, transplanted, 2 row, 40-inch bed",0.0,0.0,True,False,0,,,,,,,,,,,,,,,,,,,,,,,,,,,,,,,,,,,,,,,,,,,,,,,,,,,,,,,,,,,,,,,,,,,,,,,,,,,,,,,,,,,,,,,,,,,,,,,,,,,,,,,,,
7,Cabbage,False,True,,1.0346,0.1416,0.608,0.04,0.62,386.0,3.9323,-8.0904,99.0,,0.63,1.71,-0.0061,,,,,,,,False,0.65,15.0,20.0,10.0,0.15,0.6,35.0,30.0,,,,,,0.3,1.5,30.0,75.0,1.0,0.9,90.0,1.7,0.2,0.4,0.6,1.0,1.3,1.0,1.0,0.5,30,40.0,2.0,,1417.0,21.0,1.0,,,,,1418.0,21.0,2.0,,,,,1419.0,21.0,3.0,,,,,1420.0,21.0,4.0,,,,,1421.0,21.0,5.0,,,,,1422.0,21.0,6.0,,,,,1423.0,21.0,7.0,,,,,1424.0,21.0,8.0,,,,,1425.0,21.0,9.0,,,,,1426.0,21.0,10.0,,,,,1427.0,21.0,11.0,,,,,1428.0,21.0,12.0,,,,,301.0,21.0,1.0,,,,,,,N,%,Nitrogen,302.0,21.0,3.0,,,,,,,K,%,Potassium,303.0,21.0,4.0,,,,,,,Ca,%,Calcium,304.0,21.0,5.0,,,,,,,Mg,%,Magnesium,305.0,21.0,11.0,,,,,,,B,ppm,Boron,0,0,0,1,0,0,0,0,2,4,0,0,0,0,5,8,0,0,0,0,9,16,0,0,0,0,17,1000000,0,0,0,0,0,1,0.0,0.0,0,0,1,2,0.0,0.0,0,0,2,3,0.0,0.0,0,0,3,4,0.0,0.0,0,0,4,1000000,0.0,0.0,,,,,,,,,,,,0.0,0.0,0.0,,,,,,,,False,0.5,1.0,0.6,21,"Cabbage-red, transplanted, 2 row, 40-inch bed",0.0,0.0,True,False,0,,,,,,,,,,,,,,,,,,,,,,,,,,,,,,,,,,,,,,,,,,,,,,,,,,,,,,,,,,,,,,,,,,,,,,,,,,,,,,,,,,,,,,,,,,,,,,,,,,,,,,,,,
38,Lettuce-Iceberg,False,True,,1.0948,0.1384,0.6534,0.16,0.7,245.0,3.0997,-9.0635,93.0,,0.63,1.5,-0.0039,,,,,,,,False,1.0,15.0,20.0,10.0,0.2,0.4,30.0,25.0,,,,,,0.3,2.0,10.4,60.0,1.0,0.9,161.0,1.1,0.2,0.4,0.6,1.0,1.3,1.0,1.0,0.5,30,40.0,10.0,,54869.0,11465.0,1.0,,,,,54870.0,11465.0,2.0,,,,,54871.0,11465.0,3.0,,,,,54872.0,11465.0,4.0,,,,,54873.0,11465.0,5.0,,,,,54874.0,11465.0,6.0,,,,,54875.0,11465.0,7.0,,,,,54876.0,11465.0,8.0,,,,,54877.0,11465.0,9.0,,,,,54878.0,11465.0,10.0,,,,,54879.0,11465.0,11.0,,,,,54880.0,11465.0,12.0,,,,,20697.0,11465.0,1.0,,,,,,,N,%,Nitrogen,20698.0,11465.0,2.0,,,,,,,P,%,Phosphorus,20699.0,11465.0,3.0,,,,,,,K,%,Potassium,20700.0,11465.0,4.0,,,,,,,Ca,%,Calcium,20701.0,11465.0,5.0,,,,,,,Mg,%,Magnesium,18187,11465,0,1,0,0,18188,11465,2,4,0,0,18189,11465,5,8,0,0,18190,11465,9,16,0,0,18191,11465,17,1000000,0,0,256,11465,0,1,0.0,0.0,257,11465,1,2,0.0,0.0,258,11465,2,3,0.0,0.0,259,11465,3,4,0.0,0.0,260,11465,4,1000000,0.0,0.0,,,,,,,,,,,,0.0,0.0,0.0,,,,,,,,False,0.5,1.0,1.0,11465,Carrot Freshmarket  Desert winter 40-inch bed 10 rows,0.0,0.0,True,False,0,,,,,,,,,,,,,,,,,,,,,,,,,,,,,,,,,,,,,,,,,,,,,,,,,,,,,,,,,,,,,,,,,,,,,,,,,,,,,,,,,,20703.0,11465.0,6.0,,,,,,,S,%,Sulfur,20702.0,11465.0,11.0,,,,,,,B,ppm,Boron
5,Cauliflower,False,True,,1.0623,0.1306,0.6519,0.05,0.56,283.0,4.6195,-8.6253,91.0,,0.63,1.71,-0.0061,,,,,,,,False,0.95,15.0,20.0,10.0,0.3,0.7,35.0,30.0,30.0,30.0,,,,0.3,2.0,30.0,75.0,1.0,0.9,72.0,1.7,0.2,0.4,0.6,1.0,1.3,1.0,1.0,0.5,30,40.0,1.0,,1429.0,17.0,1.0,,,,,1430.0,17.0,2.0,,,,,1431.0,17.0,3.0,,,,,1432.0,17.0,4.0,,,,,1433.0,17.0,5.0,,,,,1434.0,17.0,6.0,,,,,1435.0,17.0,7.0,,,,,1436.0,17.0,8.0,,,,,1437.0,17.0,9.0,,,,,1438.0,17.0,10.0,,,,,1439.0,17.0,11.0,,,,,1440.0,17.0,12.0,,,,,306.0,17.0,1.0,,,,,,,N,%,Nitrogen,307.0,17.0,3.0,,,,,,,K,%,Potassium,308.0,17.0,4.0,,,,,,,Ca,%,Calcium,309.0,17.0,5.0,,,,,,,Mg,%,Magnesium,310.0,17.0,11.0,,,,,,,B,ppm,Boron,9112,17,0,1,0,0,9113,17,2,4,0,0,9114,17,5,8,0,0,9115,17,9,16,0,0,9116,17,17,1000000,0,0,71,17,0,1,0.0,0.0,72,17,1,2,0.0,0.0,73,17,2,3,0.0,0.0,74,17,3,4,0.0,0.0,75,17,4,1000000,0.0,0.0,,,,,,,,,,,,0.0,0.0,0.0,0.8,,,,,,,False,0.5,1.0,0.6,17,"Cauliflower-transplanted, 1 row, 40-inch bed, summer",0.0,0.0,True,False,0,,,,,,,,,,,,,,,,,,,,,,,,,,,,,,,,,,,,,,,,,,,,,,,,,,,,,,,,,,,,,,,,,,,,,,,,,,,,,,,,,,,,,,,,,,,,,,,,,,,,,,,,,
5,Cauliflower,False,True,,1.5309,0.1446,0.9087,0.05,0.56,274.0,4.1144,-6.9538,66.0,,0.63,1.71,-0.0061,,,,,,,,False,0.93,12.0,17.5,10.0,0.3,0.7,35.0,30.0,30.0,,,,,0.3,2.0,30.0,75.0,1.0,0.9,127.0,1.7,0.2,0.4,0.6,1.0,1.3,1.0,1.0,0.5,30,40.0,1.0,,1441.0,18.0,1.0,,,,,1442.0,18.0,2.0,,,,,1443.0,18.0,3.0,,,,,1444.0,18.0,4.0,,,,,1445.0,18.0,5.0,,,,,1446.0,18.0,6.0,,,,,1447.0,18.0,7.0,,,,,1448.0,18.0,8.0,,,,,1449.0,18.0,9.0,,,,,1450.0,18.0,10.0,,,,,1451.0,18.0,11.0,,,,,1452.0,18.0,12.0,,,,,311.0,18.0,1.0,,,,,,,N,%,Nitrogen,312.0,18.0,3.0,,,,,,,K,%,Potassium,313.0,18.0,4.0,,,,,,,Ca,%,Calcium,314.0,18.0,5.0,,,,,,,Mg,%,Magnesium,315.0,18.0,11.0,,,,,,,B,ppm,Boron,0,0,0,1,0,0,0,0,2,4,0,0,0,0,5,8,0,0,0,0,9,16,0,0,0,0,17,1000000,0,0,0,0,0,1,0.0,0.0,0,0,1,2,0.0,0.0,0,0,2,3,0.0,0.0,0,0,3,4,0.0,0.0,0,0,4,1000000,0.0,0.0,,,,,,,,,,,,0.0,0.0,0.0,,,,,,,,False,0.5,1.0,0.6,18,"Cauliflower-transplanted, 1 row, 40-inch bed, winter",0.0,0.0,True,False,0,,,,,,,,,,,,,,,,,,,,,,,,,,,,,,,,,,,,,,,,,,,,,,,,,,,,,,,,,,,,,,,,,,,,,,,,,,,,,,,,,,,,,,,,,,,,,,,,,,,,,,,,,
4,Celery,False,True,,1.1074,0.1526,0.692,0.1,1.0,257.0,3.8974,-8.0527,96.0,,0.63,1.95,-0.008,,,,,,,,False,0.92,15.0,20.0,15.0,0.2,0.8,30.0,25.0,,,,,,0.5,2.5,30.0,70.0,1.0,0.9,90.0,1.8,0.2,0.4,0.6,1.0,1.3,1.0,1.0,0.5,0,40.0,2.0,,1453.0,28.0,1.0,,,,,1454.0,28.0,2.0,,,,,1455.0,28.0,3.0,,,,,1456.0,28.0,4.0,,,,,1457.0,28.0,5.0,,,,,1458.0,28.0,6.0,,,,,1459.0,28.0,7.0,,,,,1460.0,28.0,8.0,,,,,1461.0,28.0,9.0,,,,,1462.0,28.0,10.0,,,,,1463.0,28.0,11.0,,,,,1464.0,28.0,12.0,,,,,316.0,28.0,1.0,,,,,,,N,%,Nitrogen,317.0,28.0,3.0,,,,,,,K,%,Potassium,318.0,28.0,4.0,,,,,,,Ca,%,Calcium,319.0,28.0,5.0,,,,,,,Mg,%,Magnesium,320.0,28.0,11.0,,,,,,,B,ppm,Boron,13337,28,0,1,0,0,13338,28,2,4,0,0,13339,28,5,8,0,0,13340,28,9,16,0,0,13341,28,17,1000000,0,0,161,28,0,1,0.0,0.0,162,28,1,2,0.0,0.0,163,28,2,3,0.0,0.0,164,28,3,4,0.0,0.0,165,28,4,1000000,0.0,0.0,,,,,,,,,,,,0.0,0.0,0.0,0.8,,,,,,,False,0.5,1.0,0.6,28,"Celery transplant, 40-inch bed, 2 rows",0.0,0.0,True,False,0,,,,,,,,,,,,,,,,,,,,,,,,,,,,,,,,,,,,,,,,,,,,,,,,,,,,,,,,,,,,,,,,,,,,,,,,,,,,,,,,,,,,,,,,,,,,,,,,,,,,,,,,,
11,Processing Tomato,False,True,,0.9073,0.0943,0.5329,0.16,0.7,220.0,4.9508,-13.876,98.0,,0.126,1.72,-0.0077,-0.1137,1.05,0.6,100.0,60.0,0.7,1.0,True,0.94,10.0,7.0,5.0,0.2,0.5,1.0,30.0,0.9,125.0,,,,0.3,3.0,4.5,50.0,-0.11,0.6,0.0,40.0,0.7,1.0,0.6,1.0,1.3,1.5,1.6,0.5,30,0.6,1.6,,1465.0,6357.0,1.0,,,,,1466.0,6357.0,2.0,,,,,1467.0,6357.0,3.0,,,,,1468.0,6357.0,4.0,,,,,1469.0,6357.0,5.0,,,,,1470.0,6357.0,6.0,,,,,1471.0,6357.0,7.0,,,,,1472.0,6357.0,8.0,,,,,1473.0,6357.0,9.0,,,,,1474.0,6357.0,10.0,,,,,1475.0,6357.0,11.0,,,,,1476.0,6357.0,12.0,,,,,321.0,6357.0,1.0,,,,,,,N,%,Nitrogen,322.0,6357.0,3.0,,,,,,,K,%,Potassium,323.0,6357.0,4.0,,,,,,,Ca,%,Calcium,324.0,6357.0,5.0,,,,,,,Mg,%,Magnesium,325.0,6357.0,11.0,,,,,,,B,ppm,Boron,11812,6357,0,1,0,0,11813,6357,2,4,0,0,11814,6357,5,8,0,0,11815,6357,9,16,0,0,11816,6357,17,1000000,0,0,101,6357,0,1,0.0,0.0,102,6357,1,2,0.0,0.0,103,6357,2,3,0.0,0.0,104,6357,3,4,0.0,0.0,105,6357,4,1000000,0.0,0.0,,,,,,,,,,,,0.0,0.0,0.0,,,,,,,,False,0.5,1.0,0.6,6357,Cherry Tomato (Guam) Untested,0.0,0.7,True,False,0,,,,,,,,,,,,,,,,,,,,,,,,,,,,,,,,,,,,,,,,,,,,,,,,,,,,,,,,,,,,,,,,,,,,,,,,,,,,,,,,,,,,,,,,,,,,,,,,,,,,,,,,,
10,Pepper,False,True,,1.0315,0.1199,0.5635,0.16,0.7,300.0,4.7873,-10.584,85.0,,0.63,1.5,-0.0039,,,,,,,,False,0.85,15.0,20.0,15.0,0.2,0.8,30.0,30.0,30.0,45.0,,,,0.5,2.0,0.0,50.0,1.0,0.9,0.0,1.2,0.2,0.4,0.6,1.0,1.3,1.5,1.6,0.5,30,0.6,1.6,,1477.0,6356.0,1.0,,,,,1478.0,6356.0,2.0,,,,,1479.0,6356.0,3.0,,,,,1480.0,6356.0,4.0,,,,,1481.0,6356.0,5.0,,,,,1482.0,6356.0,6.0,,,,,1483.0,6356.0,7.0,,,,,1484.0,6356.0,8.0,,,,,1485.0,6356.0,9.0,,,,,1486.0,6356.0,10.0,,,,,1487.0,6356.0,11.0,,,,,1488.0,6356.0,12.0,,,,,326.0,6356.0,1.0,,,,,,,N,%,Nitrogen,327.0,6356.0,3.0,,,,,,,K,%,Potassium,328.0,6356.0,4.0,,,,,,,Ca,%,Calcium,329.0,6356.0,5.0,,,,,,,Mg,%,Magnesium,330.0,6356.0,11.0,,,,,,,B,ppm,Boron,11817,6356,0,1,0,0,11818,6356,2,4,0,0,11819,6356,5,8,0,0,11820,6356,9,16,0,0,11821,6356,17,1000000,0,0,106,6356,0,1,0.0,0.0,107,6356,1,2,0.0,0.0,108,6356,2,3,0.0,0.0,109,6356,3,4,0.0,0.0,110,6356,4,1000000,0.0,0.0,,,,,,,,,,,,0.0,0.0,0.0,,,,,,,,False,0.5,1.0,0.6,6356,Chili pepper (Guam)  Untested,0.0,0.0,True,False,0,,,,,,,,,,,,,,,,,,,,,,,,,,,,,,,,,,,,,,,,,,,,,,,,,,,,,,,,,,,,,,,,,,,,,,,,,,,,,,,,,,,,,,,,,,,,,,,,,,,,,,,,,
20,Cabbage,False,True,,1.0411,0.1354,0.6429,0.04,0.62,317.0,4.6355,-9.6872,98.0,,0.63,1.71,-0.0061,,,,,,,,False,0.81,15.0,20.0,10.0,0.15,0.6,1.0,30.0,0.9,77.0,,,,0.5,2.0,0.0,50.0,1.0,0.9,0.0,1.2,0.2,0.4,0.6,1.0,1.3,1.5,1.6,0.5,30,40.0,1.0,,1489.0,6360.0,1.0,,,,,1490.0,6360.0,2.0,,,,,1491.0,6360.0,3.0,,,,,1492.0,6360.0,4.0,,,,,1493.0,6360.0,5.0,,,,,1494.0,6360.0,6.0,,,,,1495.0,6360.0,7.0,,,,,1496.0,6360.0,8.0,,,,,1497.0,6360.0,9.0,,,,,1498.0,6360.0,10.0,,,,,1499.0,6360.0,11.0,,,,,1500.0,6360.0,12.0,,,,,331.0,6360.0,1.0,,,,,,,N,%,Nitrogen,332.0,6360.0,3.0,,,,,,,K,%,Potassium,333.0,6360.0,4.0,,,,,,,Ca,%,Calcium,334.0,6360.0,5.0,,,,,,,Mg,%,Magnesium,335.0,6360.0,11.0,,,,,,,B,ppm,Boron,11807,6360,0,1,0,0,11808,6360,2,4,0,0,11809,6360,5,8,0,0,11810,6360,9,16,0,0,11811,6360,17,1000000,0,0,96,6360,0,1,0.0,0.0,97,6360,1,2,0.0,0.0,98,6360,2,3,0.0,0.0,99,6360,3,4,0.0,0.0,100,6360,4,1000000,0.0,0.0,,,,,,,,,,,,0.0,0.0,0.0,,,,,,,,False,0.5,1.0,0.6,6360,Chinese Cabbage/Wong Bok (American Samoa)/Untested,0.0,0.0,True,False,0,,,,,,,,,,,,,,,,,,,,,,,,,,,,,,,,,,,,,,,,,,,,,,,,,,,,,,,,,,,,,,,,,,,,,,,,,,,,,,,,,,,,,,,,,,,,,,,,,,,,,,,,,
20,Cabbage,False,True,,1.0411,0.1354,0.6429,0.04,0.62,317.0,4.6355,-9.6872,98.0,,0.63,1.71,-0.0061,,,,,,,,False,0.81,15.0,20.0,10.0,0.15,0.6,1.0,30.0,0.9,77.0,,,,0.5,2.0,0.0,50.0,1.0,0.9,0.0,1.2,0.2,0.4,0.6,1.0,1.3,1.5,1.6,0.5,30,40.0,1.0,,1501.0,6359.0,1.0,,,,,1502.0,6359.0,2.0,,,,,1503.0,6359.0,3.0,,,,,1504.0,6359.0,4.0,,,,,1505.0,6359.0,5.0,,,,,1506.0,6359.0,6.0,,,,,1507.0,6359.0,7.0,,,,,1508.0,6359.0,8.0,,,,,1509.0,6359.0,9.0,,,,,1510.0,6359.0,10.0,,,,,1511.0,6359.0,11.0,,,,,1512.0,6359.0,12.0,,,,,336.0,6359.0,1.0,,,,,,,N,%,Nitrogen,337.0,6359.0,3.0,,,,,,,K,%,Potassium,338.0,6359.0,4.0,,,,,,,Ca,%,Calcium,339.0,6359.0,5.0,,,,,,,Mg,%,Magnesium,340.0,6359.0,11.0,,,,,,,B,ppm,Boron,76,6359,0,1,0,0,77,6359,2,4,0,0,78,6359,5,8,0,0,79,6359,9,16,0,0,80,6359,17,1000000,0,0,31,6359,0,1,0.0,0.0,32,6359,1,2,0.0,0.0,33,6359,2,3,0.0,0.0,34,6359,3,4,0.0,0.0,35,6359,4,1000000,0.0,0.0,,,,,,,,,,,,0.0,0.0,0.0,,,,,,,,False,0.5,1.0,0.6,6359,Chinese cabbage/Wong Bok (Hawaii/Untested),0.0,0.0,True,False,0,,,,,,,,,,,,,,,,,,,,,,,,,,,,,,,,,,,,,,,,,,,,,,,,,,,,,,,,,,,,,,,,,,,,,,,,,,,,,,,,,,,,,,,,,,,,,,,,,,,,,,,,,
8,Cilantro,False,True,,3.9647,0.1951,1.213,0.3,1.0,96.0,5.9031,-9.7139,76.0,,0.63,1.5,-0.0039,,,,,,,,False,1.0,15.0,20.0,15.0,0.2,0.8,1.0,30.0,0.9,43.0,2.2,0.0,0.0,0.0,2.0,0.0,50.0,1.0,0.9,0.0,1.2,0.2,0.4,0.6,1.0,1.3,1.5,1.6,0.5,30,0.0,0.0,,1513.0,6353.0,1.0,,,,,1514.0,6353.0,2.0,,,,,1515.0,6353.0,3.0,,,,,1516.0,6353.0,4.0,,,,,1517.0,6353.0,5.0,,,,,1518.0,6353.0,6.0,,,,,1519.0,6353.0,7.0,,,,,1520.0,6353.0,8.0,,,,,1521.0,6353.0,9.0,,,,,1522.0,6353.0,10.0,,,,,1523.0,6353.0,11.0,,,,,1524.0,6353.0,12.0,,,,,341.0,6353.0,1.0,,,,,,,N,%,Nitrogen,342.0,6353.0,3.0,,,,,,,K,%,Potassium,343.0,6353.0,4.0,,,,,,,Ca,%,Calcium,344.0,6353.0,5.0,,,,,,,Mg,%,Magnesium,345.0,6353.0,11.0,,,,,,,B,ppm,Boron,81,6353,0,1,0,0,82,6353,2,4,0,0,83,6353,5,8,0,0,84,6353,9,16,0,0,85,6353,17,1000000,0,0,36,6353,0,1,0.0,0.0,37,6353,1,2,0.0,0.0,38,6353,2,3,0.0,0.0,39,6353,3,4,0.0,0.0,40,6353,4,1000000,0.0,0.0,,,,,,,,,,,,0.0,0.0,0.0,,,,,,,,False,0.5,1.0,0.6,6353,Cilantro (Hawaii/Untested),0.0,0.0,True,False,0,,,,,,,,,,,,,,,,,,,,,,,,,,,,,,,,,,,,,,,,,,,,,,,,,,,,,,,,,,,,,,,,,,,,,,,,,,,,,,,,,,,,,,,,,,,,,,,,,,,,,,,,,
8,Cilantro,False,True,,3.9647,0.1951,1.213,0.3,1.0,96.0,5.9031,-9.7139,76.0,,0.63,1.5,-0.0039,,,,,,,,False,1.0,15.0,20.0,15.0,0.2,0.8,25.0,20.0,,,,,,0.3,2.0,30.0,100.0,1.0,0.9,43.0,2.2,0.0,0.0,0.0,0.0,0.0,0.0,0.0,0.0,0,80.0,30.0,,1525.0,4436.0,1.0,,,,,1526.0,4436.0,2.0,,,,,1527.0,4436.0,3.0,,,,,1528.0,4436.0,4.0,,,,,1529.0,4436.0,5.0,,,,,1530.0,4436.0,6.0,,,,,1531.0,4436.0,7.0,,,,,1532.0,4436.0,8.0,,,,,1533.0,4436.0,9.0,,,,,1534.0,4436.0,10.0,,,,,1535.0,4436.0,11.0,,,,,1536.0,4436.0,12.0,,,,,346.0,4436.0,1.0,,,,,,,N,%,Nitrogen,347.0,4436.0,3.0,,,,,,,K,%,Potassium,348.0,4436.0,4.0,,,,,,,Ca,%,Calcium,349.0,4436.0,5.0,,,,,,,Mg,%,Magnesium,350.0,4436.0,11.0,,,,,,,B,ppm,Boron,0,0,0,1,0,0,0,0,2,4,0,0,0,0,5,8,0,0,0,0,9,16,0,0,0,0,17,1000000,0,0,0,0,0,1,0.0,0.0,0,0,1,2,0.0,0.0,0,0,2,3,0.0,0.0,0,0,3,4,0.0,0.0,0,0,4,1000000,0.0,0.0,,,,,,,,,,,,0.0,0.0,0.0,,,,,,,,False,0.7,1.0,0.4,4436,Cilantro 80-inch bed,0.0,0.0,True,False,0,,,,,,,,,,,,,,,,,,,,,,,,,,,,,,,,,,,,,,,,,,,,,,,,,,,,,,,,,,,,,,,,,,,,,,,,,,,,,,,,,,,,,,,,,,,,,,,,,,,,,,,,,
27,Processing Tomato,False,True,,0.9073,0.0943,0.5329,0.16,0.7,220.0,4.9508,-13.876,98.0,,0.126,1.72,-0.0077,-0.1137,1.05,0.6,100.0,60.0,0.7,1.0,True,0.94,10.0,7.0,5.0,0.2,0.5,1.0,30.0,0.9,125.0,,,,0.3,3.0,4.5,50.0,-0.11,0.6,70.0,40.0,0.7,1.0,0.6,1.0,1.3,1.5,1.6,0.5,30,0.6,1.6,,1537.0,6352.0,1.0,,,,,1538.0,6352.0,2.0,,,,,1539.0,6352.0,3.0,,,,,1540.0,6352.0,4.0,,,,,1541.0,6352.0,5.0,,,,,1542.0,6352.0,6.0,,,,,1543.0,6352.0,7.0,,,,,1544.0,6352.0,8.0,,,,,1545.0,6352.0,9.0,,,,,1546.0,6352.0,10.0,,,,,1547.0,6352.0,11.0,,,,,1548.0,6352.0,12.0,,,,,351.0,6352.0,1.0,,,,,,,N,%,Nitrogen,352.0,6352.0,3.0,,,,,,,K,%,Potassium,353.0,6352.0,4.0,,,,,,,Ca,%,Calcium,354.0,6352.0,5.0,,,,,,,Mg,%,Magnesium,355.0,6352.0,11.0,,,,,,,B,ppm,Boron,11827,6352,0,1,0,0,11828,6352,2,4,0,0,11829,6352,5,8,0,0,11830,6352,9,16,0,0,11831,6352,17,1000000,0,0,116,6352,0,1,0.0,0.0,117,6352,1,2,0.0,0.0,118,6352,2,3,0.0,0.0,119,6352,3,4,0.0,0.0,120,6352,4,1000000,0.0,0.0,,,,,,,,,,,,0.0,0.0,0.0,,,,,,,,False,0.5,1.0,0.6,6352,Cucumber (American Samoa) Untested,0.0,0.7,True,False,0,,,,,,,,,,,,,,,,,,,,,,,,,,,,,,,,,,,,,,,,,,,,,,,,,,,,,,,,,,,,,,,,,,,,,,,,,,,,,,,,,,,,,,,,,,,,,,,,,,,,,,,,,
28,Raspberry,False,True,,0.9681,0.123,0.5582,0.16,0.8,160.0,5.0,-7.8,80.0,,0.63,1.5,-0.0039,,,,,,,,False,0.75,15.0,25.0,20.0,0.2,0.8,1.0,30.0,1.0,351.0,,,,0.5,3.0,0.0,90.0,1.0,0.9,0.0,1.2,0.2,0.4,0.6,1.0,1.3,1.5,1.6,0.5,30,0.6,1.6,,1549.0,6351.0,1.0,,,,,1550.0,6351.0,2.0,,,,,1551.0,6351.0,3.0,,,,,1552.0,6351.0,4.0,,,,,1553.0,6351.0,5.0,,,,,1554.0,6351.0,6.0,,,,,1555.0,6351.0,7.0,,,,,1556.0,6351.0,8.0,,,,,1557.0,6351.0,9.0,,,,,1558.0,6351.0,10.0,,,,,1559.0,6351.0,11.0,,,,,1560.0,6351.0,12.0,,,,,356.0,6351.0,1.0,,,,,,,N,%,Nitrogen,357.0,6351.0,3.0,,,,,,,K,%,Potassium,358.0,6351.0,4.0,,,,,,,Ca,%,Calcium,359.0,6351.0,5.0,,,,,,,Mg,%,Magnesium,360.0,6351.0,11.0,,,,,,,B,ppm,Boron,11832,6351,0,1,0,0,11833,6351,2,4,0,0,11834,6351,5,8,0,0,11835,6351,9,16,0,0,11836,6351,17,1000000,0,0,121,6351,0,1,0.0,0.0,122,6351,1,2,0.0,0.0,123,6351,2,3,0.0,0.0,124,6351,3,4,0.0,0.0,125,6351,4,1000000,0.0,0.0,,,,,,,,,,,,0.0,0.0,0.0,,,,,,,,False,0.5,1.0,0.6,6351,Edible Hibiscus (American Samoa) Untested,0.0,0.0,True,False,0,,,,,,,,,,,,,,,,,,,,,,,,,,,,,,,,,,,,,,,,,,,,,,,,,,,,,,,,,,,,,,,,,,,,,,,,,,,,,,,,,,,,,,,,,,,,,,,,,,,,,,,,,
25,Processing Tomato,False,True,,0.9073,0.0943,0.5329,0.16,0.7,220.0,4.9508,-13.876,98.0,,0.126,1.72,-0.0077,-0.1137,1.05,0.6,100.0,60.0,0.7,1.0,True,0.94,10.0,7.0,5.0,0.2,0.5,40.0,35.0,30.0,20.0,,,,0.3,3.0,4.5,50.0,-0.11,0.6,90.0,1.5,0.7,1.0,0.6,1.0,1.3,1.5,1.6,0.5,30,0.6,1.6,,1561.0,6350.0,1.0,,,,,1562.0,6350.0,2.0,,,,,1563.0,6350.0,3.0,,,,,1564.0,6350.0,4.0,,,,,1565.0,6350.0,5.0,,,,,1566.0,6350.0,6.0,,,,,1567.0,6350.0,7.0,,,,,1568.0,6350.0,8.0,,,,,1569.0,6350.0,9.0,,,,,1570.0,6350.0,10.0,,,,,1571.0,6350.0,11.0,,,,,1572.0,6350.0,12.0,,,,,361.0,6350.0,1.0,,,,,,,N,%,Nitrogen,362.0,6350.0,3.0,,,,,,,K,%,Potassium,363.0,6350.0,4.0,,,,,,,Ca,%,Calcium,364.0,6350.0,5.0,,,,,,,Mg,%,Magnesium,365.0,6350.0,11.0,,,,,,,B,ppm,Boron,11822,6350,0,1,0,0,11823,6350,2,4,0,0,11824,6350,5,8,0,0,11825,6350,9,16,0,0,11826,6350,17,1000000,0,0,111,6350,0,1,0.0,0.0,112,6350,1,2,0.0,0.0,113,6350,2,3,0.0,0.0,114,6350,3,4,0.0,0.0,115,6350,4,1000000,0.0,0.0,,,,,,,,,,,,0.0,0.0,0.0,,,,,,,,False,0.5,1.0,0.6,6350,Eggplant (Guam) Untested,0.0,0.7,True,False,0,,,,,,,,,,,,,,,,,,,,,,,,,,,,,,,,,,,,,,,,,,,,,,,,,,,,,,,,,,,,,,,,,,,,,,,,,,,,,,,,,,,,,,,,,,,,,,,,,,,,,,,,,
37,green leaf lettuce,False,True,,1.1813,0.1117,0.8064,0.16,0.7,114.0,6.815,-10.666,84.0,,0.63,1.5,-0.0039,,,,,,,,False,0.98,15.0,20.0,10.0,0.2,0.8,35.0,30.0,,,,,,0.3,2.0,30.0,60.0,1.0,0.9,58.0,2.1,0.0,0.0,0.0,0.0,0.0,0.0,0.0,0.0,0,80.0,5.0,,46577.0,10770.0,1.0,,,,,46578.0,10770.0,2.0,,,,,46579.0,10770.0,3.0,,,,,46580.0,10770.0,4.0,,,,,46581.0,10770.0,5.0,,,,,46582.0,10770.0,6.0,,,,,46583.0,10770.0,7.0,,,,,46584.0,10770.0,8.0,,,,,46585.0,10770.0,9.0,,,,,46586.0,10770.0,10.0,,,,,46587.0,10770.0,11.0,,,,,46588.0,10770.0,12.0,,,,,17009.0,10770.0,1.0,,,,,,,N,%,Nitrogen,17010.0,10770.0,2.0,,,,,,,P,%,Phosphorus,17011.0,10770.0,3.0,,,,,,,K,%,Potassium,17012.0,10770.0,4.0,,,,,,,Ca,%,Calcium,17013.0,10770.0,5.0,,,,,,,Mg,%,Magnesium,14692,10770,0,1,0,0,14693,10770,2,4,0,0,14694,10770,5,8,0,0,14695,10770,9,16,0,0,14696,10770,17,1000000,0,0,231,10770,0,1,0.0,0.0,232,10770,1,2,0.0,0.0,233,10770,2,3,0.0,0.0,234,10770,3,4,0.0,0.0,235,10770,4,1000000,0.0,0.0,,,,,,,,,,,,0.0,0.0,0.0,,,,,,,,False,1.0,0.7,0.4,10770,"Endive, 5 row, 80-inch bed",0.0,0.0,True,False,0,,,,,,,,,,,,,,,,,,,,,,,,,,,,,,,,,,,,,,,,,,,,,,,,,,,,,,,,,,,,,,,,,,,,,,,,,,,,,,,,,,17015.0,10770.0,6.0,,,,,,,S,%,Sulfur,17014.0,10770.0,11.0,,,,,,,B,ppm,Boron
37,green leaf lettuce,False,True,,1.1813,0.1117,0.8064,0.16,0.7,114.0,6.815,-10.666,84.0,,0.63,1.5,-0.0039,,,,,,,,False,0.98,15.0,20.0,10.0,0.2,0.8,35.0,30.0,,,,,,0.3,2.0,30.0,60.0,1.0,0.9,58.0,2.1,0.0,0.0,0.0,0.0,0.0,0.0,0.0,0.0,0,80.0,5.0,,46565.0,10769.0,1.0,,,,,46566.0,10769.0,2.0,,,,,46567.0,10769.0,3.0,,,,,46568.0,10769.0,4.0,,,,,46569.0,10769.0,5.0,,,,,46570.0,10769.0,6.0,,,,,46571.0,10769.0,7.0,,,,,46572.0,10769.0,8.0,,,,,46573.0,10769.0,9.0,,,,,46574.0,10769.0,10.0,,,,,46575.0,10769.0,11.0,,,,,46576.0,10769.0,12.0,,,,,17002.0,10769.0,1.0,,,,,,,N,%,Nitrogen,17003.0,10769.0,2.0,,,,,,,P,%,Phosphorus,17004.0,10769.0,3.0,,,,,,,K,%,Potassium,17005.0,10769.0,4.0,,,,,,,Ca,%,Calcium,17006.0,10769.0,5.0,,,,,,,Mg,%,Magnesium,14687,10769,0,1,0,0,14688,10769,2,4,0,0,14689,10769,5,8,0,0,14690,10769,9,16,0,0,14691,10769,17,1000000,0,0,226,10769,0,1,0.0,0.0,227,10769,1,2,0.0,0.0,228,10769,2,3,0.0,0.0,229,10769,3,4,0.0,0.0,230,10769,4,1000000,0.0,0.0,,,,,,,,,,,,0.0,0.0,0.0,,,,,,,,False,1.0,0.7,0.4,10769,"Escarole, 5 row, 80-inch bed",0.0,0.0,True,False,0,,,,,,,,,,,,,,,,,,,,,,,,,,,,,,,,,,,,,,,,,,,,,,,,,,,,,,,,,,,,,,,,,,,,,,,,,,,,,,,,,,17008.0,10769.0,6.0,,,,,,,S,%,Sulfur,17007.0,10769.0,11.0,,,,,,,B,ppm,Boron
40,Celery,False,True,,1.0523,0.106,0.6986,0.1,1.0,240.0,4.2039,-8.2237,98.0,,0.63,1.7,-0.0061,,,,,,,,False,1.0,15.0,20.0,15.0,0.2,0.8,30.0,25.0,,,,,,0.5,2.5,30.0,70.0,1.0,0.9,89.0,1.8,0.2,0.4,0.6,1.0,1.3,1.0,1.0,0.5,0,40.0,2.0,,,,,,,,,,,,,,,,,,,,,,,,,,,,,,,,,,,,,,,,,,,,,,,,,,,,,,,,,,,,,,,,,,,,,,,,,,,,,,,,,,,,,,37448.0,14748.0,1.0,,,,,,,N,%,Nitrogen,37449.0,14748.0,2.0,,,,,,,P,%,Phosphorus,37450.0,14748.0,3.0,,,,,,,K,%,Potassium,37451.0,14748.0,4.0,,,,,,,Ca,%,Calcium,37452.0,14748.0,5.0,,,,,,,Mg,%,Magnesium,31672,14748,0,1,0,0,31673,14748,2,4,0,0,31674,14748,5,8,0,0,31675,14748,9,16,0,0,31676,14748,17,1000000,0,0,9346,14748,0,1,0.0,0.0,9347,14748,1,2,0.0,0.0,9348,14748,2,3,0.0,0.0,9349,14748,3,4,0.0,0.0,9350,14748,4,1000000,0.0,0.0,,,,,,,,,,,,0.0,0.0,0.0,1.0,,,,,,,False,0.5,1.0,0.6,14748,Fennel transplant 40-inch beds,0.0,0.0,True,False,0,,,,,,,,,,,,,,,,,,,,,,,,,,,,,,,,,,,,,,,,,,,,,,,,,,,,,,,,,,,,,,,,,,,,,,,,,,,,,,,,,,37454.0,14748.0,6.0,,,,,,,S,%,Sulfur,37453.0,14748.0,11.0,,,,,,,B,ppm,Boron
1,Lettuce-Iceberg,False,True,,1.0168,0.0751,0.7186,0.16,0.7,150.0,6.8247,-12.77,85.0,,0.63,1.5,-0.0039,,,,,,,,False,1.0,15.0,20.0,10.0,0.3,0.7,35.0,25.0,,,,,,0.3,2.0,10.4,70.0,1.0,0.9,64.0,2.1,0.2,0.4,0.6,1.0,1.3,1.0,1.0,0.5,30,42.0,3.0,,1573.0,23.0,1.0,,,,,1574.0,23.0,2.0,,,,,1575.0,23.0,3.0,,,,,1576.0,23.0,4.0,,,,,1577.0,23.0,5.0,,,,,1578.0,23.0,6.0,,,,,1579.0,23.0,7.0,,,,,1580.0,23.0,8.0,,,,,1581.0,23.0,9.0,,,,,1582.0,23.0,10.0,,,,,1583.0,23.0,11.0,,,,,1584.0,23.0,12.0,,,,,366.0,23.0,1.0,,,,,,,N,%,Nitrogen,367.0,23.0,3.0,,,,,,,K,%,Potassium,368.0,23.0,4.0,,,,,,,Ca,%,Calcium,369.0,23.0,5.0,,,,,,,Mg,%,Magnesium,370.0,23.0,11.0,,,,,,,B,ppm,Boron,7417,23,0,1,0,0,7418,23,2,4,0,0,7419,23,5,8,0,0,7420,23,9,16,0,0,7421,23,17,1000000,0,0,66,23,0,1,0.0,0.0,67,23,1,2,0.0,0.0,68,23,2,3,0.0,0.0,69,23,3,4,0.0,0.0,70,23,4,1000000,0.0,0.0,,,,,,,,,,,,0.0,0.0,0.0,,,,,,,,False,0.45,1.0,0.6,23,"Lettuce - Iceberg 3 row, 42-inch bed",0.0,0.0,True,False,0,,,,,,,,,,,,,,,,,,,,,,,,,,,,,,,,,,,,,,,,,,,,,,,,,,,,,,,,,,,,,,,,,,,,,,,,,,,,,,,,,,,,,,,,,,,,,,,,,,,,,,,,,
1,Baby Lettuce,False,True,,2.4943,0.1653,1.0701,0.3,1.0,80.0,6.7918,-11.497,72.0,,0.63,1.5,-0.0039,,,,,,,,False,1.0,20.0,20.0,15.0,0.2,0.8,25.0,20.0,,,,,,0.3,1.5,30.0,100.0,1.0,0.9,29.0,1.2,0.0,0.0,0.0,0.0,0.0,0.0,0.0,0.0,0,80.0,36.0,,1585.0,3716.0,1.0,,,,,1586.0,3716.0,2.0,,,,,1587.0,3716.0,3.0,,,,,1588.0,3716.0,4.0,,,,,1589.0,3716.0,5.0,,,,,1590.0,3716.0,6.0,,,,,1591.0,3716.0,7.0,,,,,1592.0,3716.0,8.0,,,,,1593.0,3716.0,9.0,,,,,1594.0,3716.0,10.0,,,,,1595.0,3716.0,11.0,,,,,1596.0,3716.0,12.0,,,,,371.0,3716.0,1.0,,,,,,,N,%,Nitrogen,372.0,3716.0,3.0,,,,,,,K,%,Potassium,373.0,3716.0,4.0,,,,,,,Ca,%,Calcium,374.0,3716.0,5.0,,,,,,,Mg,%,Magnesium,375.0,3716.0,11.0,,,,,,,B,ppm,Boron,24127,3716,0,1,0,0,24128,3716,2,4,0,0,24129,3716,5,8,0,0,24130,3716,9,16,0,0,24131,3716,17,1000000,0,0,1366,3716,0,1,0.0,0.0,1367,3716,1,2,0.0,0.0,1368,3716,2,3,0.0,0.0,1369,3716,3,4,0.0,0.0,1370,3716,4,1000000,0.0,0.0,,,,,,,,,,,,0.0,0.0,0.0,,,,,,,,False,0.7,1.0,0.4,3716,Lettuce-Baby (green) 80-inch bed,0.0,0.0,True,False,0,,,,,,,,,,,,,,,,,,,,,,,,,,,,,,,,,,,,,,,,,,,,,,,,,,,,,,,,,,,,,,,,,,,,,,,,,,,,,,,,,,,,,,,,,,,,,,,,,,,,,,,,,
1,Baby lettuce,False,True,,2.4943,0.1653,1.0701,0.3,1.0,50.0,6.7918,-11.497,72.0,,0.63,1.5,-0.0039,,,,,,,,False,1.0,20.0,20.0,15.0,0.2,0.8,25.0,20.0,,,,,,0.3,1.5,30.0,100.0,1.0,0.9,30.0,1.2,0.0,0.0,0.0,0.0,0.0,0.0,0.0,0.0,0,80.0,36.0,,1597.0,3714.0,1.0,,,,,1598.0,3714.0,2.0,,,,,1599.0,3714.0,3.0,,,,,1600.0,3714.0,4.0,,,,,1601.0,3714.0,5.0,,,,,1602.0,3714.0,6.0,,,,,1603.0,3714.0,7.0,,,,,1604.0,3714.0,8.0,,,,,1605.0,3714.0,9.0,,,,,1606.0,3714.0,10.0,,,,,1607.0,3714.0,11.0,,,,,1608.0,3714.0,12.0,,,,,376.0,3714.0,1.0,,,,,,,N,%,Nitrogen,377.0,3714.0,3.0,,,,,,,K,%,Potassium,378.0,3714.0,4.0,,,,,,,Ca,%,Calcium,379.0,3714.0,5.0,,,,,,,Mg,%,Magnesium,380.0,3714.0,11.0,,,,,,,B,ppm,Boron,24132,3714,0,1,0,0,24133,3714,2,4,0,0,24134,3714,5,8,0,0,24135,3714,9,16,0,0,24136,3714,17,1000000,0,0,1371,3714,0,1,0.0,0.0,1372,3714,1,2,0.0,0.0,1373,3714,2,3,0.0,0.0,1374,3714,3,4,0.0,0.0,1375,3714,4,1000000,0.0,0.0,,,,,,,,,,,,0.0,0.0,0.0,,,,,,,,False,0.7,1.0,0.4,3714,Lettuce-Baby (red) 80-inch bed,0.0,0.0,True,False,0,,,,,,,,,,,,,,,,,,,,,,,,,,,,,,,,,,,,,,,,,,,,,,,,,,,,,,,,,,,,,,,,,,,,,,,,,,,,,,,,,,,,,,,,,,,,,,,,,,,,,,,,,
1,green leaf lettuce,False,True,,1.1813,0.1117,0.8064,0.16,0.7,114.0,6.815,-10.666,84.0,,0.63,1.5,-0.0039,,,,,,,,False,0.98,15.0,20.0,10.0,0.2,0.8,35.0,30.0,,,,,,0.3,2.0,30.0,60.0,1.0,0.9,58.0,2.1,0.0,0.0,0.0,0.0,0.0,0.0,0.0,0.0,0,80.0,5.0,,46553.0,10768.0,1.0,,,,,46554.0,10768.0,2.0,,,,,46555.0,10768.0,3.0,,,,,46556.0,10768.0,4.0,,,,,46557.0,10768.0,5.0,,,,,46558.0,10768.0,6.0,,,,,46559.0,10768.0,7.0,,,,,46560.0,10768.0,8.0,,,,,46561.0,10768.0,9.0,,,,,46562.0,10768.0,10.0,,,,,46563.0,10768.0,11.0,,,,,46564.0,10768.0,12.0,,,,,16995.0,10768.0,1.0,,,,,,,N,%,Nitrogen,16996.0,10768.0,2.0,,,,,,,P,%,Phosphorus,16997.0,10768.0,3.0,,,,,,,K,%,Potassium,16998.0,10768.0,4.0,,,,,,,Ca,%,Calcium,16999.0,10768.0,5.0,,,,,,,Mg,%,Magnesium,14677,10768,0,1,0,0,14678,10768,2,4,0,0,14679,10768,5,8,0,0,14680,10768,9,16,0,0,14681,10768,17,1000000,0,0,216,10768,0,1,0.0,0.0,217,10768,1,2,0.0,0.0,218,10768,2,3,0.0,0.0,219,10768,3,4,0.0,0.0,220,10768,4,1000000,0.0,0.0,,,,,,,,,,,,0.0,0.0,0.0,,,,,,,,True,0.7,1.0,0.4,10768,"Lettuce-Green Leaf, 5 row, 80-inch bed",0.0,0.0,True,False,0,,,,,,,,,,,,,,,,,,,,,,,,,,,,,,,,,,,,,,,,,,,,,,,,,,,,,,,,,,,,,,,,,,,,,,,,,,,,,,,,,,17001.0,10768.0,6.0,,,,,,,S,%,Sulfur,17000.0,10768.0,11.0,,,,,,,B,ppm,Boron
1,green leaf lettuce,False,True,,1.1813,0.1117,0.8064,0.16,0.7,114.0,6.815,-10.666,84.0,,0.63,1.5,-0.0039,,,,,,,,False,0.98,15.0,20.0,10.0,0.2,0.8,35.0,30.0,,,,,,0.3,2.0,30.0,60.0,1.0,0.9,58.0,2.1,0.0,0.0,0.0,0.0,0.0,0.0,0.0,0.0,0,80.0,6.0,,1669.0,24.0,1.0,,,,,1670.0,24.0,2.0,,,,,1671.0,24.0,3.0,,,,,1672.0,24.0,4.0,,,,,1673.0,24.0,5.0,,,,,1674.0,24.0,6.0,,,,,1675.0,24.0,7.0,,,,,1676.0,24.0,8.0,,,,,1677.0,24.0,9.0,,,,,1678.0,24.0,10.0,,,,,1679.0,24.0,11.0,,,,,1680.0,24.0,12.0,,,,,406.0,24.0,1.0,,,,,,,N,%,Nitrogen,407.0,24.0,3.0,,,,,,,K,%,Potassium,408.0,24.0,4.0,,,,,,,Ca,%,Calcium,409.0,24.0,5.0,,,,,,,Mg,%,Magnesium,410.0,24.0,11.0,,,,,,,B,ppm,Boron,14682,24,0,1,0,0,14683,24,2,4,0,0,14684,24,5,8,0,0,14685,24,9,16,0,0,14686,24,17,1000000,0,0,221,24,0,1,0.0,0.0,222,24,1,2,0.0,0.0,223,24,2,3,0.0,0.0,224,24,3,4,0.0,0.0,225,24,4,1000000,0.0,0.0,,,,,,,,,,,,0.0,0.0,0.0,,,,,,,,False,0.7,1.0,0.4,24,"Lettuce-Green Leaf, 6-row, 80-inch bed",0.0,0.0,True,False,0,,,,,,,,,,,,,,,,,,,,,,,,,,,,,,,,,,,,,,,,,,,,,,,,,,,,,,,,,,,,,,,,,,,,,,,,,,,,,,,,,,,,,,,,,,,,,,,,,,,,,,,,,
1,Lettuce-Iceberg,False,True,,1.1088,0.1095,0.7666,0.16,0.7,130.0,6.7801,-11.61,80.0,,0.63,1.5,-0.0039,,,,,,,,False,1.0,15.0,20.0,15.0,0.2,0.75,35.0,25.0,,,,,,0.3,2.0,10.4,60.0,1.0,0.9,64.0,1.2,0.2,0.4,0.6,1.0,1.3,1.0,1.0,0.5,0,40.0,2.0,,1345.0,5.0,1.0,,,,,1346.0,5.0,2.0,,,,,1347.0,5.0,3.0,,,,,1348.0,5.0,4.0,,,,,1349.0,5.0,5.0,,,,,1350.0,5.0,6.0,,,,,1351.0,5.0,7.0,,,,,1352.0,5.0,8.0,,,,,1353.0,5.0,9.0,,,,,1354.0,5.0,10.0,,,,,1355.0,5.0,11.0,,,,,1356.0,5.0,12.0,,,,,271.0,5.0,1.0,,,,,,,N,%,Nitrogen,272.0,5.0,3.0,,,,,,,K,%,Potassium,273.0,5.0,4.0,,,,,,,Ca,%,Calcium,274.0,5.0,5.0,,,,,,,Mg,%,Magnesium,275.0,5.0,11.0,,,,,,,B,ppm,Boron,35907,5,0,1,0,0,35908,5,2,4,0,0,35909,5,5,8,0,0,35910,5,9,16,0,0,35911,5,17,1000000,0,0,13591,5,0,1,0.0,0.0,13592,5,1,2,0.0,0.0,13593,5,2,3,0.0,0.0,13594,5,3,4,0.0,0.0,13595,5,4,1000000,0.0,0.0,,,,,,,,,,,,0.0,0.0,0.0,,,,,,,,False,0.5,1.0,0.6,5,"Lettuce-Iceberg, 2 row, 40-inch bed",0.0,0.0,True,False,0,,,,,,,,,,,,,,,,,,,,,,,,,,,,,,,,,,,,,,,,,,,,,,,,,,,,,,,,,,,,,,,,,,,,,,,,,,,,,,,,,,,,,,,,,,,,,,,,,,,,,,,,,
1,Lettuce-Iceberg,False,True,,1.0168,0.0751,0.7186,0.16,0.7,150.0,6.8247,-12.77,85.0,,0.63,1.5,-0.0039,,,,,,,,False,1.0,15.0,20.0,15.0,0.2,0.75,35.0,25.0,,,,,,0.3,2.0,10.4,70.0,1.0,0.9,64.0,2.1,0.2,0.4,0.6,1.0,1.3,1.0,1.0,0.5,30,80.0,5.0,,1609.0,4.0,1.0,,,,,1610.0,4.0,2.0,,,,,1611.0,4.0,3.0,,,,,1612.0,4.0,4.0,,,,,1613.0,4.0,5.0,,,,,1614.0,4.0,6.0,,,,,1615.0,4.0,7.0,,,,,1616.0,4.0,8.0,,,,,1617.0,4.0,9.0,,,,,1618.0,4.0,10.0,,,,,1619.0,4.0,11.0,,,,,1620.0,4.0,12.0,,,,,381.0,4.0,1.0,,,,,,,N,%,Nitrogen,382.0,4.0,3.0,,,,,,,K,%,Potassium,383.0,4.0,4.0,,,,,,,Ca,%,Calcium,384.0,4.0,5.0,,,,,,,Mg,%,Magnesium,385.0,4.0,11.0,,,,,,,B,ppm,Boron,0,0,0,1,0,0,0,0,2,4,0,0,0,0,5,8,0,0,0,0,9,16,0,0,0,0,17,1000000,0,0,0,0,0,1,0.0,0.0,0,0,1,2,0.0,0.0,0,0,2,3,0.0,0.0,0,0,3,4,0.0,0.0,0,0,4,1000000,0.0,0.0,,,,,,,,,,,,0.0,0.0,0.0,,,,,,,,False,0.7,1.0,0.4,4,"Lettuce-Iceberg, 5 row, 80-inch bed",0.0,0.0,True,False,0,,,,,,,,,,,,,,,,,,,,,,,,,,,,,,,,,,,,,,,,,,,,,,,,,,,,,,,,,,,,,,,,,,,,,,,,,,,,,,,,,,,,,,,,,,,,,,,,,,,,,,,,,
1,Lettuce-Iceberg,False,True,,1.0168,0.0751,0.7186,0.16,0.7,150.0,8.2337,-14.11,85.0,,0.63,1.5,-0.0039,,,,,,,,False,1.0,15.0,20.0,15.0,0.2,0.75,35.0,25.0,,,,,,0.3,2.0,10.4,70.0,1.0,0.9,65.0,2.1,0.2,0.4,0.6,1.0,1.3,1.0,1.0,0.5,10,80.0,6.0,,1621.0,3.0,1.0,,,,,1622.0,3.0,2.0,,,,,1623.0,3.0,3.0,,,,,1624.0,3.0,4.0,,,,,1625.0,3.0,5.0,,,,,1626.0,3.0,6.0,,,,,1627.0,3.0,7.0,,,,,1628.0,3.0,8.0,,,,,1629.0,3.0,9.0,,,,,1630.0,3.0,10.0,,,,,1631.0,3.0,11.0,,,,,1632.0,3.0,12.0,,,,,386.0,3.0,1.0,,,,,,,N,%,Nitrogen,387.0,3.0,3.0,,,,,,,K,%,Potassium,388.0,3.0,4.0,,,,,,,Ca,%,Calcium,389.0,3.0,5.0,,,,,,,Mg,%,Magnesium,390.0,3.0,11.0,,,,,,,B,ppm,Boron,0,0,0,1,0,0,0,0,2,4,0,0,0,0,5,8,0,0,0,0,9,16,0,0,0,0,17,1000000,0,0,0,0,0,1,0.0,0.0,0,0,1,2,0.0,0.0,0,0,2,3,0.0,0.0,0,0,3,4,0.0,0.0,0,0,4,1000000,0.0,0.0,,,,,,,,,,,,0.0,0.0,0.0,,,,,,,,False,0.7,1.0,0.4,3,"Lettuce-Iceberg, 6 row, 80-inch bed",0.0,0.0,True,False,0,,,,,,,,,,,,,,,,,,,,,,,,,,,,,,,,,,,,,,,,,,,,,,,,,,,,,,,,,,,,,,,,,,,,,,,,,,,,,,,,,,,,,,,,,,,,,,,,,,,,,,,,,
1,Red leaf lettuce,False,True,,1.0404,0.0967,0.6931,0.3,1.0,90.0,6.8454,-11.753,80.0,,0.63,1.5,-0.0039,,,,,,,,False,1.0,15.0,20.0,10.0,0.2,0.8,25.0,20.0,,,,,,0.3,2.0,30.0,60.0,1.0,0.9,62.0,2.2,0.0,0.0,0.0,0.0,0.0,0.0,0.0,0.0,0,80.0,5.0,,46517.0,10765.0,1.0,,,,,46518.0,10765.0,2.0,,,,,46519.0,10765.0,3.0,,,,,46520.0,10765.0,4.0,,,,,46521.0,10765.0,5.0,,,,,46522.0,10765.0,6.0,,,,,46523.0,10765.0,7.0,,,,,46524.0,10765.0,8.0,,,,,46525.0,10765.0,9.0,,,,,46526.0,10765.0,10.0,,,,,46527.0,10765.0,11.0,,,,,46528.0,10765.0,12.0,,,,,16978.0,10765.0,1.0,,,,,,,N,%,Nitrogen,16979.0,10765.0,2.0,,,,,,,P,%,Phosphorus,16980.0,10765.0,3.0,,,,,,,K,%,Potassium,16981.0,10765.0,4.0,,,,,,,Ca,%,Calcium,16982.0,10765.0,5.0,,,,,,,Mg,%,Magnesium,14657,10765,0,1,0,0,14658,10765,2,4,0,0,14659,10765,5,8,0,0,14660,10765,9,16,0,0,14661,10765,17,1000000,0,0,206,10765,0,1,0.0,0.0,207,10765,1,2,0.0,0.0,208,10765,2,3,0.0,0.0,209,10765,3,4,0.0,0.0,210,10765,4,1000000,0.0,0.0,,,,,,,,,,,,0.0,0.0,0.0,,,,,,,,False,0.7,1.0,0.4,10765,"Lettuce-Red Leaf, 5 row, 80-inch bed",0.0,0.0,True,False,0,,,,,,,,,,,,,,,,,,,,,,,,,,,,,,,,,,,,,,,,,,,,,,,,,,,,,,,,,,,,,,,,,,,,,,,,,,,,,,,,,,16984.0,10765.0,6.0,,,,,,,S,%,Sulfur,16983.0,10765.0,11.0,,,,,,,B,ppm,Boron
1,Red leaf lettuce,False,True,,1.0404,0.0967,0.6931,0.3,1.0,90.0,6.8454,-11.753,80.0,,0.63,1.5,-0.0039,,,,,,,,False,1.0,15.0,20.0,10.0,0.2,0.8,25.0,20.0,,,,,,0.3,2.0,30.0,60.0,1.0,0.9,62.0,2.2,0.0,0.0,0.0,0.0,0.0,0.0,0.0,0.0,0,80.0,6.0,,1681.0,3719.0,1.0,,,,,1682.0,3719.0,2.0,,,,,1683.0,3719.0,3.0,,,,,1684.0,3719.0,4.0,,,,,1685.0,3719.0,5.0,,,,,1686.0,3719.0,6.0,,,,,1687.0,3719.0,7.0,,,,,1688.0,3719.0,8.0,,,,,1689.0,3719.0,9.0,,,,,1690.0,3719.0,10.0,,,,,1691.0,3719.0,11.0,,,,,1692.0,3719.0,12.0,,,,,411.0,3719.0,1.0,,,,,,,N,%,Nitrogen,412.0,3719.0,3.0,,,,,,,K,%,Potassium,413.0,3719.0,4.0,,,,,,,Ca,%,Calcium,414.0,3719.0,5.0,,,,,,,Mg,%,Magnesium,415.0,3719.0,11.0,,,,,,,B,ppm,Boron,14662,3719,0,1,0,0,14663,3719,2,4,0,0,14664,3719,5,8,0,0,14665,3719,9,16,0,0,14666,3719,17,1000000,0,0,211,3719,0,1,0.0,0.0,212,3719,1,2,0.0,0.0,213,3719,2,3,0.0,0.0,214,3719,3,4,0.0,0.0,215,3719,4,1000000,0.0,0.0,,,,,,,,,,,,0.0,0.0,0.0,,,,,,,,False,0.7,1.0,0.4,3719,"Lettuce-Red Leaf, 6 row, 80-inch bed",0.0,0.0,True,False,0,,,,,,,,,,,,,,,,,,,,,,,,,,,,,,,,,,,,,,,,,,,,,,,,,,,,,,,,,,,,,,,,,,,,,,,,,,,,,,,,,,,,,,,,,,,,,,,,,,,,,,,,,
1,Lettuce-Romaine,False,True,,1.2021,0.1102,0.8275,0.16,0.7,120.0,6.2,-11.5,80.0,,0.63,1.5,-0.0039,,,,,,,,False,1.0,15.0,20.0,15.0,0.2,0.75,35.0,25.0,,,,,,0.5,2.0,8.5,60.0,1.0,0.9,64.0,2.1,0.2,0.4,0.6,1.0,1.3,1.0,1.0,0.5,14,40.0,2.0,,1633.0,1.0,1.0,,,,,1634.0,1.0,2.0,,,,,1635.0,1.0,3.0,,,,,1636.0,1.0,4.0,,,,,1637.0,1.0,5.0,,,,,1638.0,1.0,6.0,,,,,1639.0,1.0,7.0,,,,,1640.0,1.0,8.0,,,,,1641.0,1.0,9.0,,,,,1642.0,1.0,10.0,,,,,1643.0,1.0,11.0,,,,,1644.0,1.0,12.0,,,,,391.0,1.0,1.0,,,,,,,N,%,Nitrogen,392.0,1.0,3.0,,,,,,,K,%,Potassium,393.0,1.0,4.0,,,,,,,Ca,%,Calcium,394.0,1.0,5.0,,,,,,,Mg,%,Magnesium,395.0,1.0,11.0,,,,,,,B,ppm,Boron,0,0,0,1,0,0,0,0,2,4,0,0,0,0,5,8,0,0,0,0,9,16,0,0,0,0,17,1000000,0,0,0,0,0,1,0.0,0.0,0,0,1,2,0.0,0.0,0,0,2,3,0.0,0.0,0,0,3,4,0.0,0.0,0,0,4,1000000,0.0,0.0,,,,,,,,,,,,0.0,0.0,0.0,,,,,,,,False,0.5,1.0,0.6,1,"Lettuce-Romaine, 2 row, 40-inch bed",0.0,0.0,True,False,0,,,,,,,,,,,,,,,,,,,,,,,,,,,,,,,,,,,,,,,,,,,,,,,,,,,,,,,,,,,,,,,,,,,,,,,,,,,,,,,,,,,,,,,,,,,,,,,,,,,,,,,,,
1,Lettuce-Romaine,False,True,,1.1159,0.114,0.763,0.16,0.7,145.0,6.5,-10.83,85.0,,0.63,1.5,-0.0039,,,,,,,,False,1.0,15.0,20.0,15.0,0.2,0.75,35.0,25.0,,,,,,0.5,2.0,8.5,60.0,1.0,0.9,64.0,2.1,0.2,0.4,0.6,1.0,1.3,1.0,1.0,0.5,30,80.0,5.0,,1645.0,11.0,1.0,,,,,1646.0,11.0,2.0,,,,,1647.0,11.0,3.0,,,,,1648.0,11.0,4.0,,,,,1649.0,11.0,5.0,,,,,1650.0,11.0,6.0,,,,,1651.0,11.0,7.0,,,,,1652.0,11.0,8.0,,,,,1653.0,11.0,9.0,,,,,1654.0,11.0,10.0,,,,,1655.0,11.0,11.0,,,,,1656.0,11.0,12.0,,,,,396.0,11.0,1.0,,,,,,,N,%,Nitrogen,397.0,11.0,3.0,,,,,,,K,%,Potassium,398.0,11.0,4.0,,,,,,,Ca,%,Calcium,399.0,11.0,5.0,,,,,,,Mg,%,Magnesium,400.0,11.0,11.0,,,,,,,B,ppm,Boron,0,0,0,1,0,0,0,0,2,4,0,0,0,0,5,8,0,0,0,0,9,16,0,0,0,0,17,1000000,0,0,0,0,0,1,0.0,0.0,0,0,1,2,0.0,0.0,0,0,2,3,0.0,0.0,0,0,3,4,0.0,0.0,0,0,4,1000000,0.0,0.0,,,,,,,,,,,,0.0,0.0,0.0,,,,,,,,False,0.7,1.0,0.4,11,"Lettuce-Romaine, 5 row, 80-inch bed",0.0,0.0,True,False,0,,,,,,,,,,,,,,,,,,,,,,,,,,,,,,,,,,,,,,,,,,,,,,,,,,,,,,,,,,,,,,,,,,,,,,,,,,,,,,,,,,,,,,,,,,,,,,,,,,,,,,,,,
1,Lettuce-Romaine,False,True,,1.1159,0.114,0.763,0.16,0.7,145.0,6.2,-11.976,85.0,,0.63,1.5,-0.0039,,,,,,,,False,1.0,15.0,20.0,15.0,0.2,0.75,35.0,25.0,,,,,,0.5,2.0,8.4,60.0,1.0,0.9,64.0,2.1,0.2,0.4,0.6,1.0,1.3,1.0,1.0,0.5,14,80.0,6.0,,1657.0,2.0,1.0,,,,,1658.0,2.0,2.0,,,,,1659.0,2.0,3.0,,,,,1660.0,2.0,4.0,,,,,1661.0,2.0,5.0,,,,,1662.0,2.0,6.0,,,,,1663.0,2.0,7.0,,,,,1664.0,2.0,8.0,,,,,1665.0,2.0,9.0,,,,,1666.0,2.0,10.0,,,,,1667.0,2.0,11.0,,,,,1668.0,2.0,12.0,,,,,401.0,2.0,1.0,,,,,,,N,%,Nitrogen,402.0,2.0,3.0,,,,,,,K,%,Potassium,403.0,2.0,4.0,,,,,,,Ca,%,Calcium,404.0,2.0,5.0,,,,,,,Mg,%,Magnesium,405.0,2.0,11.0,,,,,,,B,ppm,Boron,0,0,0,1,0,0,0,0,2,4,0,0,0,0,5,8,0,0,0,0,9,16,0,0,0,0,17,1000000,0,0,0,0,0,1,0.0,0.0,0,0,1,2,0.0,0.0,0,0,2,3,0.0,0.0,0,0,3,4,0.0,0.0,0,0,4,1000000,0.0,0.0,,,,,,,,,,,,0.0,0.0,0.0,,,,,,,,False,0.7,1.0,0.4,2,"Lettuce-Romaine, 6 row, 80-inch bed",0.0,0.0,True,False,0,,,,,,,,,,,,,,,,,,,,,,,,,,,,,,,,,,,,,,,,,,,,,,,,,,,,,,,,,,,,,,,,,,,,,,,,,,,,,,,,,,,,,,,,,,,,,,,,,,,,,,,,,
9,Mizuna,False,True,,1.5833,0.1647,0.908,0.3,1.0,112.0,5.6502,-10.075,82.0,,0.63,1.5,-0.0039,,,,,,,,False,1.0,20.0,25.0,15.0,0.2,0.8,25.0,20.0,,,,,,0.3,1.5,30.0,100.0,1.0,0.9,26.0,1.9,0.0,0.0,0.0,0.0,0.0,0.0,0.0,0.0,0,80.0,36.0,,1693.0,3717.0,1.0,,,,,1694.0,3717.0,2.0,,,,,1695.0,3717.0,3.0,,,,,1696.0,3717.0,4.0,,,,,1697.0,3717.0,5.0,,,,,1698.0,3717.0,6.0,,,,,1699.0,3717.0,7.0,,,,,1700.0,3717.0,8.0,,,,,1701.0,3717.0,9.0,,,,,1702.0,3717.0,10.0,,,,,1703.0,3717.0,11.0,,,,,1704.0,3717.0,12.0,,,,,416.0,3717.0,1.0,,,,,,,N,%,Nitrogen,417.0,3717.0,3.0,,,,,,,K,%,Potassium,418.0,3717.0,4.0,,,,,,,Ca,%,Calcium,419.0,3717.0,5.0,,,,,,,Mg,%,Magnesium,420.0,3717.0,11.0,,,,,,,B,ppm,Boron,0,0,0,1,0,0,0,0,2,4,0,0,0,0,5,8,0,0,0,0,9,16,0,0,0,0,17,1000000,0,0,0,0,0,1,0.0,0.0,0,0,1,2,0.0,0.0,0,0,2,3,0.0,0.0,0,0,3,4,0.0,0.0,0,0,4,1000000,0.0,0.0,,,,,,,,,,,,0.0,0.0,0.0,,,,,,,,False,0.7,1.0,0.4,3717,Mizuna 80-inch bed,0.0,0.0,True,False,0,,,,,,,,,,,,,,,,,,,,,,,,,,,,,,,,,,,,,,,,,,,,,,,,,,,,,,,,,,,,,,,,,,,,,,,,,,,,,,,,,,,,,,,,,,,,,,,,,,,,,,,,,
20,Cabbage,False,True,,1.021,0.1361,0.7001,0.1,0.62,192.0,6.3648,-13.8696,89.0,,0.63,1.71,-0.0061,,,,,,,,False,1.0,15.0,20.0,10.0,0.15,0.6,35.0,30.0,,,,,,0.5,2.0,0.0,50.0,1.0,0.9,65.0,1.2,0.2,0.4,0.6,1.0,1.3,1.5,1.6,0.5,30,40.0,2.0,,61733.0,12043.0,1.0,,,,,61734.0,12043.0,2.0,,,,,61735.0,12043.0,3.0,,,,,61736.0,12043.0,4.0,,,,,61737.0,12043.0,5.0,,,,,61738.0,12043.0,6.0,,,,,61739.0,12043.0,7.0,,,,,61740.0,12043.0,8.0,,,,,61741.0,12043.0,9.0,,,,,61742.0,12043.0,10.0,,,,,61743.0,12043.0,11.0,,,,,61744.0,12043.0,12.0,,,,,23622.0,12043.0,1.0,,,,,,,N,%,Nitrogen,23623.0,12043.0,2.0,,,,,,,P,%,Phosphorus,23624.0,12043.0,3.0,,,,,,,K,%,Potassium,23625.0,12043.0,4.0,,,,,,,Ca,%,Calcium,23626.0,12043.0,5.0,,,,,,,Mg,%,Magnesium,21062,12043,0,1,0,0,21063,12043,2,4,0,0,21064,12043,5,8,0,0,21065,12043,9,16,0,0,21066,12043,17,1000000,0,0,261,12043,0,1,0.0,0.0,262,12043,1,2,0.0,0.0,263,12043,2,3,0.0,0.0,264,12043,3,4,0.0,0.0,265,12043,4,1000000,0.0,0.0,,,,,,,,,,,,0.0,0.0,0.0,1.0,,,,,,,False,0.5,1.0,0.6,12043,"Napa Cabbage  2 rows, 40-inch beds summer",0.0,0.0,True,False,0,,,,,,,,,,,,,,,,,,,,,,,,,,,,,,,,,,,,,,,,,,,,,,,,,,,,,,,,,,,,,,,,,,,,,,,,,,,,,,,,,,23628.0,12043.0,6.0,,,,,,,S,%,Sulfur,23627.0,12043.0,11.0,,,,,,,B,ppm,Boron
24,Onion,False,True,,0.9073,0.0943,0.5329,0.2,0.9,150.0,3.6074,-5.5172,38.0,,0.63,1.5,-0.0039,-0.1137,1.05,0.6,100.0,80.0,0.7,1.0,True,0.45,10.0,7.0,5.0,0.2,0.5,40.0,30.0,25.0,25.0,,,,0.3,2.0,4.5,40.0,-0.11,0.8,72.0,1.2,0.7,1.0,0.6,1.0,1.3,1.5,1.6,0.5,30,60.0,4.0,,1705.0,6349.0,1.0,,,,,1706.0,6349.0,2.0,,,,,1707.0,6349.0,3.0,,,,,1708.0,6349.0,4.0,,,,,1709.0,6349.0,5.0,,,,,1710.0,6349.0,6.0,,,,,1711.0,6349.0,7.0,,,,,1712.0,6349.0,8.0,,,,,1713.0,6349.0,9.0,,,,,1714.0,6349.0,10.0,,,,,1715.0,6349.0,11.0,,,,,1716.0,6349.0,12.0,,,,,421.0,6349.0,1.0,,,,,,,N,%,Nitrogen,422.0,6349.0,3.0,,,,,,,K,%,Potassium,423.0,6349.0,4.0,,,,,,,Ca,%,Calcium,424.0,6349.0,5.0,,,,,,,Mg,%,Magnesium,425.0,6349.0,11.0,,,,,,,B,ppm,Boron,41,6349,0,1,0,0,42,6349,2,4,0,0,43,6349,5,8,0,0,44,6349,9,16,0,0,45,6349,17,1000000,0,0,11,6349,0,1,0.0,0.0,12,6349,1,2,0.0,0.0,13,6349,2,3,0.0,0.0,14,6349,3,4,0.0,0.0,15,6349,4,1000000,0.0,0.0,,,,,,,,,,,,0.0,0.0,0.0,,,,,,,,False,0.5,1.0,0.6,6349,Onion (Hawaii) Untested,0.0,0.0,True,False,0,,,,,,,,,,,,,,,,,,,,,,,,,,,,,,,,,,,,,,,,,,,,,,,,,,,,,,,,,,,,,,,,,,,,,,,,,,,,,,,,,,,,,,,,,,,,,,,,,,,,,,,,,
31,Lettuce-Romaine,False,True,,1.2021,0.1102,0.8275,0.16,0.7,120.0,6.2,-11.5,80.0,,0.63,1.5,-0.0039,,,,,,,,False,1.0,15.0,20.0,15.0,0.2,0.75,1.0,30.0,0.9,64.0,,,,0.5,2.0,0.0,50.0,1.0,0.9,0.0,1.2,0.2,0.4,0.6,1.0,5.0,1.5,1.6,5.0,30,0.6,1.0,,445.0,6358.0,1.0,,,,,446.0,6358.0,2.0,,,,,447.0,6358.0,3.0,,,,,448.0,6358.0,4.0,,,,,449.0,6358.0,5.0,,,,,450.0,6358.0,6.0,,,,,451.0,6358.0,7.0,,,,,452.0,6358.0,8.0,,,,,453.0,6358.0,9.0,,,,,454.0,6358.0,10.0,,,,,455.0,6358.0,11.0,,,,,456.0,6358.0,12.0,,,,,426.0,6358.0,1.0,,,,,,,N,%,Nitrogen,427.0,6358.0,3.0,,,,,,,K,%,Potassium,428.0,6358.0,4.0,,,,,,,Ca,%,Calcium,429.0,6358.0,5.0,,,,,,,Mg,%,Magnesium,430.0,6358.0,11.0,,,,,,,B,ppm,Boron,11837,6358,0,1,0,0,11838,6358,2,4,0,0,11839,6358,5,8,0,0,11840,6358,9,16,0,0,11841,6358,17,1000000,0,0,126,6358,0,1,0.0,0.0,127,6358,1,2,0.0,0.0,128,6358,2,3,0.0,0.0,129,6358,3,4,0.0,0.0,130,6358,4,1000000,0.0,0.0,,,,,,,,,,,,0.0,0.0,0.0,,,,,,,,False,0.5,1.0,0.6,6358,Pak Choi (American Samoa) Untested,0.0,5.0,True,False,0,,,,,,,,,,,,,,,,,,,,,,,,,,,,,,,,,,,,,,,,,,,,,,,,,,,,,,,,,,,,,,,,,,,,,,,,,,,,,,,,,,,,,,,,,,,,,,,,,,,,,,,,,
35,,False,True,,0.9586,0.0647,0.3483,0.0,0.8,120.0,4.9508,-13.876,80.0,,1.22,1.72,-0.0059,-0.36,1.24,,80.0,80.0,0.5,0.6,True,0.55,15.0,20.0,15.0,0.2,3.0,80.0,80.0,80.0,80.0,,,,3.5,4.0,0.0,50.0,0.0,0.9,230.0,0.0,0.0,0.0,0.0,0.0,0.0,0.0,0.0,0.0,0,40.0,2.0,1.5,63857.0,13207.0,1.0,,35.0,1.0,50.0,63858.0,13207.0,2.0,,40.0,1.0,30.0,63859.0,13207.0,3.0,,37.0,0.0,0.0,63860.0,13207.0,4.0,,35.0,0.0,0.0,63861.0,13207.0,5.0,,35.0,0.0,0.0,63862.0,13207.0,6.0,,35.0,0.0,0.0,63863.0,13207.0,7.0,,35.0,0.0,0.0,63864.0,13207.0,8.0,,35.0,0.0,0.0,63865.0,13207.0,9.0,,37.0,0.0,0.0,63866.0,13207.0,10.0,,39.0,0.0,0.0,63867.0,13207.0,11.0,,42.0,0.0,0.0,63868.0,13207.0,12.0,,45.0,0.0,0.0,29539.0,13207.0,1.0,2.748095,7.0,,,,,N,%,Nitrogen,29540.0,13207.0,2.0,0.2201905,2.0,,,,,P,%,Phosphorus,29541.0,13207.0,3.0,1.383381,5.0,,,,,K,%,Potassium,29542.0,13207.0,4.0,0.9189762,6.0,,,,,Ca,%,Calcium,29543.0,13207.0,5.0,0.3301429,0.6,,,,,Mg,%,Magnesium,23957,13207,0,1,5,10,23958,13207,2,4,20,25,23959,13207,5,8,40,45,23960,13207,9,16,30,35,23961,13207,17,1000000,25,30,1166,13207,0,1,2.5,1.5,1167,13207,1,2,3.0,2.5,1168,13207,2,3,3.5,3.0,1169,13207,3,4,4.0,3.5,1170,13207,4,1000000,4.0,4.0,-0.002,0.8,0.0,0.5,0.8,30.0,60.0,2.35,2.5,20.0,70.0,0.0,0.0,0.0,1.0,23.10189,-0.09016,-0.76871,8.81457,3.6482,14.0,False,0.15,1.0,1.0,13207,Pear Sacramento Valley,0.0028,0.0,True,False,0,4393.0,13207.0,0.0,4.95,-13.87,-0.4,1.32,20.0,0.67,4394.0,13207.0,1.0,4.95,-13.87,-0.4,1.32,35.0,0.67,4395.0,13207.0,2.0,4.95,-13.87,-0.4,1.32,45.0,0.6,4396.0,13207.0,3.0,4.95,-13.87,-0.8,1.63,60.0,0.5,4397.0,13207.0,4.0,4.95,-13.87,-0.8,1.63,75.0,0.4,4398.0,13207.0,5.0,4.95,-13.87,-0.8,1.63,75.0,0.27,4399.0,13207.0,6.0,4.95,-13.87,-0.8,1.63,80.0,0.27,4400.0,13207.0,7.0,4.95,-13.87,-0.8,1.63,80.0,0.27,4401.0,13207.0,8.0,4.95,-13.87,-0.8,1.63,80.0,0.27,29545.0,13207.0,6.0,0.2180952,1.8,,,,,S,%,Sulfur,,,,,,,,,,,,
32,,False,True,,0.9586,0.0647,0.3483,0.0,0.8,120.0,4.9508,-13.876,80.0,,1.22,1.72,-0.0059,-0.36,1.24,,80.0,80.0,0.5,0.57,True,0.55,15.0,20.0,15.0,0.2,3.0,60.0,50.0,45.0,35.0,,,,3.5,4.0,0.0,50.0,0.0,0.9,228.0,0.0,0.0,0.0,0.0,0.0,0.0,0.0,0.0,0.0,0,40.0,2.0,1.5,44189.0,10544.0,1.0,,35.0,1.0,50.0,44190.0,10544.0,2.0,,40.0,1.0,30.0,44191.0,10544.0,3.0,,37.0,0.0,0.0,44192.0,10544.0,4.0,,35.0,0.0,0.0,44193.0,10544.0,5.0,,35.0,0.0,0.0,44194.0,10544.0,6.0,,35.0,0.0,0.0,44195.0,10544.0,7.0,,35.0,0.0,0.0,44196.0,10544.0,8.0,,35.0,0.0,0.0,44197.0,10544.0,9.0,,37.0,0.0,0.0,44198.0,10544.0,10.0,,39.0,0.0,0.0,44199.0,10544.0,11.0,,42.0,0.0,0.0,44200.0,10544.0,12.0,,45.0,0.0,0.0,,,,,,,,,,,,,,,,,,,,,,,,,,,,,,,,,,,,,,,,,,,,,,,,,,,,,,,,,,,,,13527,10544,0,1,5,10,13528,10544,2,4,20,25,13529,10544,5,8,40,45,13530,10544,9,16,30,35,13531,10544,17,1000000,25,30,171,10544,0,1,2.5,1.5,172,10544,1,2,3.0,2.5,173,10544,2,3,3.5,3.0,174,10544,3,4,4.0,3.5,175,10544,4,1000000,4.0,4.0,-0.002,0.8,0.0,0.5,0.8,30.0,60.0,2.3,2.7,20.0,80.0,0.0,0.0,0.0,1.0,17.86583,0.36896,-0.76871,8.81457,3.6482,14.0,False,0.15,1.0,1.0,10544,Pistachio Sacramento Valley,0.028,0.0,True,False,0,1396.0,10544.0,0.0,4.95,-13.87,-0.4,1.32,20.0,0.67,1397.0,10544.0,1.0,4.95,-13.87,-0.4,1.32,35.0,0.67,1398.0,10544.0,2.0,4.9,-13.7,-0.45,1.32,62.0,0.69,1399.0,10544.0,3.0,4.95,-13.87,-0.3,1.63,70.0,0.67,1400.0,10544.0,4.0,4.95,-13.87,-0.3,1.63,75.0,0.5,1401.0,10544.0,5.0,4.95,-13.87,-0.3,1.63,80.0,0.27,1402.0,10544.0,6.0,4.95,-13.87,-0.3,1.63,85.0,0.27,1403.0,10544.0,7.0,4.95,-13.87,-0.3,1.63,85.0,0.27,1404.0,10544.0,8.0,4.95,-13.87,-0.3,1.63,85.0,0.27,,,,,,,,,,,,,,,,,,,,,,,,
32,,False,True,,0.9586,0.0647,0.3483,0.0,0.8,120.0,4.9508,-13.876,80.0,,1.22,1.72,-0.0059,-0.36,1.24,,50.0,50.0,0.2,0.32,True,0.55,15.0,20.0,15.0,0.2,3.0,50.0,50.0,35.0,35.0,,,,3.5,4.0,0.0,50.0,0.0,0.9,228.0,0.0,0.0,0.0,0.0,0.0,0.0,0.0,0.0,0.0,0,40.0,2.0,1.5,44357.0,10560.0,1.0,,35.0,1.0,50.0,44358.0,10560.0,2.0,,40.0,1.0,30.0,44359.0,10560.0,3.0,,37.0,0.0,25.0,44360.0,10560.0,4.0,,35.0,0.0,0.0,44361.0,10560.0,5.0,,35.0,0.0,0.0,44362.0,10560.0,6.0,,35.0,0.0,0.0,44363.0,10560.0,7.0,,35.0,0.0,0.0,44364.0,10560.0,8.0,,35.0,0.0,0.0,44365.0,10560.0,9.0,,37.0,0.0,0.0,44366.0,10560.0,10.0,,39.0,0.0,0.0,44367.0,10560.0,11.0,,42.0,0.0,0.0,44368.0,10560.0,12.0,,45.0,0.0,0.0,,,,,,,,,,,,,,,,,,,,,,,,,,,,,,,,,,,,,,,,,,,,,,,,,,,,,,,,,,,,,13607,10560,0,1,5,10,13608,10560,2,4,20,25,13609,10560,5,8,40,45,13610,10560,9,16,30,35,13611,10560,17,1000000,25,30,176,10560,0,1,2.5,1.5,177,10560,1,2,4.0,2.5,178,10560,2,3,4.0,4.0,179,10560,3,4,4.0,4.0,180,10560,4,1000000,4.0,4.0,-0.002,0.8,0.0,0.5,0.8,30.0,60.0,2.3,2.7,20.0,80.0,0.0,0.0,0.0,1.0,17.86583,0.36896,-0.76871,8.81457,3.6482,14.0,False,0.15,1.0,1.0,10560,Pistachio San Joaquin Valley,0.028,0.0,True,False,0,1495.0,10560.0,0.0,4.95,-13.87,-0.4,1.32,15.0,0.67,1496.0,10560.0,1.0,4.95,-13.87,-0.4,1.32,25.0,0.67,1497.0,10560.0,2.0,4.9,-13.7,-0.45,1.32,35.0,0.69,1498.0,10560.0,3.0,4.95,-13.87,-0.3,1.63,45.0,0.67,1499.0,10560.0,4.0,4.95,-13.87,-0.3,1.63,60.0,0.5,1500.0,10560.0,5.0,4.95,-13.87,-0.3,1.63,75.0,0.27,1501.0,10560.0,6.0,4.95,-13.87,-0.3,1.63,85.0,0.27,1502.0,10560.0,7.0,4.95,-13.87,-0.3,1.63,85.0,0.27,1503.0,10560.0,8.0,4.95,-13.87,-0.3,1.63,85.0,0.27,,,,,,,,,,,,,,,,,,,,,,,,
11,Processing Tomato,False,True,,0.9073,0.0943,0.5329,0.16,0.7,220.0,4.9508,-13.876,98.0,,12.6,1.72,-0.0077,-0.1137,1.05,0.6,100.0,60.0,0.7,1.0,True,0.94,10.0,7.0,5.0,0.2,0.5,50.0,35.0,30.0,25.0,,,,0.3,3.0,30.0,100.0,1.0,0.9,125.0,1.2,0.2,0.4,0.6,1.0,1.3,1.5,1.6,0.25,30,60.0,2.0,,121.0,4439.0,1.0,,,,,122.0,4439.0,2.0,,,,,123.0,4439.0,3.0,,,,,124.0,4439.0,4.0,,,,,125.0,4439.0,5.0,,,,,126.0,4439.0,6.0,,,,,127.0,4439.0,7.0,,,,,128.0,4439.0,8.0,,,,,129.0,4439.0,9.0,,,,,130.0,4439.0,10.0,,,,,131.0,4439.0,11.0,,,,,132.0,4439.0,12.0,,,,,431.0,4439.0,1.0,,,,,,,N,%,Nitrogen,432.0,4439.0,3.0,,,,,,,K,%,Potassium,433.0,4439.0,4.0,,,,,,,Ca,%,Calcium,434.0,4439.0,5.0,,,,,,,Mg,%,Magnesium,435.0,4439.0,11.0,,,,,,,B,ppm,Boron,347,4439,0,1,0,0,348,4439,2,4,0,0,349,4439,5,8,0,0,350,4439,9,16,0,0,351,4439,17,1000000,0,0,61,4439,0,1,0.0,0.0,62,4439,1,2,0.0,0.0,63,4439,2,3,0.0,0.0,64,4439,3,4,0.0,0.0,65,4439,4,1000000,0.0,0.0,,,,,,,,,,,,0.0,0.0,0.0,,,,,,,,False,0.1,1.0,0.45,4439,Processing tomato transplanted 60-inch bed,4.545,0.0001,True,False,0,,,,,,,,,,,,,,,,,,,,,,,,,,,,,,,,,,,,,,,,,,,,,,,,,,,,,,,,,,,,,,,,,,,,,,,,,,,,,,,,,,,,,,,,,,,,,,,,,,,,,,,,,
34,,False,True,,0.9586,0.0647,0.3483,0.0,0.8,120.0,4.9508,-13.876,80.0,,1.22,1.72,-0.0059,-0.36,1.24,,80.0,80.0,0.5,0.6,True,0.55,15.0,20.0,15.0,0.2,3.0,80.0,80.0,80.0,80.0,,,,3.5,4.0,0.0,50.0,0.0,0.9,228.0,0.0,0.0,0.0,0.0,0.0,0.0,0.0,0.0,0.0,0,40.0,2.0,1.5,63833.0,13205.0,1.0,,35.0,1.0,50.0,63834.0,13205.0,2.0,,40.0,1.0,30.0,63835.0,13205.0,3.0,,37.0,0.0,0.0,63836.0,13205.0,4.0,,35.0,0.0,0.0,63837.0,13205.0,5.0,,35.0,0.0,0.0,63838.0,13205.0,6.0,,35.0,0.0,0.0,63839.0,13205.0,7.0,,35.0,0.0,0.0,63840.0,13205.0,8.0,,35.0,0.0,0.0,63841.0,13205.0,9.0,,37.0,0.0,0.0,63842.0,13205.0,10.0,,39.0,0.0,0.0,63843.0,13205.0,11.0,,42.0,0.0,0.0,63844.0,13205.0,12.0,,45.0,0.0,0.0,29526.0,13205.0,1.0,3.16,7.0,,,,,N,%,Nitrogen,29527.0,13205.0,2.0,0.28,2.0,,,,,P,%,Phosphorus,29528.0,13205.0,3.0,1.82,5.0,,,,,K,%,Potassium,29529.0,13205.0,4.0,1.26,6.0,,,,,Ca,%,Calcium,29530.0,13205.0,5.0,0.46,0.6,,,,,Mg,%,Magnesium,23947,13205,0,1,5,10,23948,13205,2,4,20,25,23949,13205,5,8,40,45,23950,13205,9,16,30,35,23951,13205,17,1000000,25,30,1156,13205,0,1,2.5,1.5,1157,13205,1,2,3.0,2.5,1158,13205,2,3,3.5,3.0,1159,13205,3,4,4.0,3.5,1160,13205,4,1000000,4.0,4.0,-0.002,0.8,0.0,0.5,0.8,30.0,60.0,2.35,2.5,20.0,70.0,0.0,0.0,0.0,1.0,14.04355,0.23633,-0.76871,8.81457,3.6482,14.0,False,0.15,1.0,1.0,13205,Prune Sacramento Valley,0.009,0.0,True,False,0,4375.0,13205.0,0.0,4.95,-13.87,-0.4,1.32,20.0,0.67,4376.0,13205.0,1.0,4.95,-13.87,-0.4,1.32,35.0,0.67,4377.0,13205.0,2.0,4.95,-13.87,-0.4,1.32,60.0,0.6,4378.0,13205.0,3.0,4.95,-13.87,-0.8,1.63,70.0,0.5,4379.0,13205.0,4.0,4.95,-13.87,-0.8,1.63,75.0,0.4,4380.0,13205.0,5.0,4.95,-13.87,-0.8,1.63,80.0,0.27,4381.0,13205.0,6.0,4.95,-13.87,-0.8,1.63,85.0,0.27,4382.0,13205.0,7.0,4.95,-13.87,-0.8,1.63,85.0,0.27,4383.0,13205.0,8.0,4.95,-13.87,-0.8,1.63,85.0,0.27,29532.0,13205.0,6.0,0.22,1.8,,,,,S,%,Sulfur,,,,,,,,,,,,
12,Raspberry,False,True,,1.016,0.22,0.18,0.16,0.8,164.0,3.289,-5.5,81.0,,0.63,1.5,-0.0039,,,,,,,,False,0.6,15.0,25.0,20.0,0.2,0.8,35.0,30.0,25.0,25.0,75.0,30.0,15.0,2.5,3.5,30.0,30.0,1.0,0.98,158.0,1.2,0.2,0.4,0.6,1.0,1.3,1.5,1.6,0.5,30,88.0,1.0,,1309.0,6727.0,1.0,,,,,1310.0,6727.0,2.0,,,,,1311.0,6727.0,3.0,,,,,1312.0,6727.0,4.0,,,,,1313.0,6727.0,5.0,,,,,1314.0,6727.0,6.0,,,,,1315.0,6727.0,7.0,,,,,1316.0,6727.0,8.0,,,,,1317.0,6727.0,9.0,,,,,1318.0,6727.0,10.0,,,,,1319.0,6727.0,11.0,,,,,1320.0,6727.0,12.0,,,,,256.0,6727.0,1.0,,,,,,,N,%,Nitrogen,257.0,6727.0,3.0,,,,,,,K,%,Potassium,258.0,6727.0,4.0,,,,,,,Ca,%,Calcium,259.0,6727.0,5.0,,,,,,,Mg,%,Magnesium,260.0,6727.0,11.0,,,,,,,B,ppm,Boron,9942,6727,0,1,0,0,9943,6727,2,4,0,0,9944,6727,5,8,0,0,9945,6727,9,16,0,0,9946,6727,17,1000000,0,0,76,6727,0,1,0.0,0.0,77,6727,1,2,0.0,0.0,78,6727,2,3,0.0,0.0,79,6727,3,4,0.0,0.0,80,6727,4,1000000,0.0,0.0,,,,,,,,,,,,0.0,0.0,0.0,,,,,,,1.0,True,0.2,1.0,0.4,6727,"Raspberry proprietary variety #1, 2nd year, 88-inch row spacing",0.0029,83.0,True,False,0,,,,,,,,,,,,,,,,,,,,,,,,,,,,,,,,,,,,,,,,,,,,,,,,,,,,,,,,,,,,,,,,,,,,,,,,,,,,,,,,,,,,,,,,,,,,,,,,,,,,,,,,,
12,Raspberry,False,True,,0.9358,0.1073,0.5159,0.16,0.8,162.0,5.0,-7.8,80.0,,0.63,1.5,-0.0039,,,,,,,,False,0.75,15.0,25.0,20.0,0.2,0.8,35.0,30.0,25.0,25.0,75.0,30.0,15.0,0.3,2.5,30.0,30.0,1.0,0.98,358.0,1.2,0.2,0.4,0.6,1.0,1.3,1.5,1.6,0.5,30,88.0,1.0,,1321.0,5055.0,1.0,,,,,1322.0,5055.0,2.0,,,,,1323.0,5055.0,3.0,,,,,1324.0,5055.0,4.0,,,,,1325.0,5055.0,5.0,,,,,1326.0,5055.0,6.0,,,,,1327.0,5055.0,7.0,,,,,1328.0,5055.0,8.0,,,,,1329.0,5055.0,9.0,,,,,1330.0,5055.0,10.0,,,,,1331.0,5055.0,11.0,,,,,1332.0,5055.0,12.0,,,,,261.0,5055.0,1.0,,,,,,,N,%,Nitrogen,262.0,5055.0,3.0,,,,,,,K,%,Potassium,263.0,5055.0,4.0,,,,,,,Ca,%,Calcium,264.0,5055.0,5.0,,,,,,,Mg,%,Magnesium,265.0,5055.0,11.0,,,,,,,B,ppm,Boron,0,0,0,1,0,0,0,0,2,4,0,0,0,0,5,8,0,0,0,0,9,16,0,0,0,0,17,1000000,0,0,0,0,0,1,0.0,0.0,0,0,1,2,0.0,0.0,0,0,2,3,0.0,0.0,0,0,3,4,0.0,0.0,0,0,4,1000000,0.0,0.0,,,,,,,,,,,,0.0,0.0,0.0,,,,,,,1.0,True,0.2,1.0,0.4,5055,"Raspberry proprietary variety#1, 1st year early planting, 88-inch row spacing",0.0029,83.0,True,False,0,,,,,,,,,,,,,,,,,,,,,,,,,,,,,,,,,,,,,,,,,,,,,,,,,,,,,,,,,,,,,,,,,,,,,,,,,,,,,,,,,,,,,,,,,,,,,,,,,,,,,,,,,
12,Raspberry,False,True,,1.0852,0.1898,0.6304,0.16,0.8,156.0,3.48,-5.36,78.0,,0.63,1.5,-0.0039,,,,,,,,False,0.75,15.0,25.0,20.0,0.2,0.8,35.0,30.0,25.0,25.0,75.0,30.0,15.0,0.3,2.5,30.0,30.0,1.0,0.98,253.0,1.2,0.2,0.4,0.6,1.0,1.3,1.5,1.6,0.5,30,88.0,1.0,,1333.0,4440.0,1.0,,,,,1334.0,4440.0,2.0,,,,,1335.0,4440.0,3.0,,,,,1336.0,4440.0,4.0,,,,,1337.0,4440.0,5.0,,,,,1338.0,4440.0,6.0,,,,,1339.0,4440.0,7.0,,,,,1340.0,4440.0,8.0,,,,,1341.0,4440.0,9.0,,,,,1342.0,4440.0,10.0,,,,,1343.0,4440.0,11.0,,,,,1344.0,4440.0,12.0,,,,,266.0,4440.0,1.0,,,,,,,N,%,Nitrogen,267.0,4440.0,3.0,,,,,,,K,%,Potassium,268.0,4440.0,4.0,,,,,,,Ca,%,Calcium,269.0,4440.0,5.0,,,,,,,Mg,%,Magnesium,270.0,4440.0,11.0,,,,,,,B,ppm,Boron,9947,4440,0,1,0,0,9948,4440,2,4,0,0,9949,4440,5,8,0,0,9950,4440,9,16,0,0,9951,4440,17,1000000,0,0,81,4440,0,1,0.0,0.0,82,4440,1,2,0.0,0.0,83,4440,2,3,0.0,0.0,84,4440,3,4,0.0,0.0,85,4440,4,1000000,0.0,0.0,,,,,,,,,,,,0.0,0.0,0.0,,,,,,,1.0,True,0.2,1.0,0.4,4440,"Raspberry proprietary variety#1, 1st year late planting, 88-inch row spacing",0.0029,83.0,True,False,0,,,,,,,,,,,,,,,,,,,,,,,,,,,,,,,,,,,,,,,,,,,,,,,,,,,,,,,,,,,,,,,,,,,,,,,,,,,,,,,,,,,,,,,,,,,,,,,,,,,,,,,,,
10,Pepper,False,True,,1.0315,0.1199,0.5635,0.16,0.7,300.0,4.7873,-10.584,85.0,,0.63,1.5,-0.0039,,,,,,,,False,0.85,15.0,20.0,15.0,0.2,0.8,25.0,20.0,,,,,,0.3,3.0,30.0,50.0,1.0,0.9,145.0,1.2,0.2,0.4,0.6,1.0,1.3,1.5,1.6,0.5,30,40.0,1.0,,1717.0,4438.0,1.0,,,,,1718.0,4438.0,2.0,,,,,1719.0,4438.0,3.0,,,,,1720.0,4438.0,4.0,,,,,1721.0,4438.0,5.0,,,,,1722.0,4438.0,6.0,,,,,1723.0,4438.0,7.0,,,,,1724.0,4438.0,8.0,,,,,1725.0,4438.0,9.0,,,,,1726.0,4438.0,10.0,,,,,1727.0,4438.0,11.0,,,,,1728.0,4438.0,12.0,,,,,436.0,4438.0,1.0,,,,,,,N,%,Nitrogen,437.0,4438.0,3.0,,,,,,,K,%,Potassium,438.0,4438.0,4.0,,,,,,,Ca,%,Calcium,439.0,4438.0,5.0,,,,,,,Mg,%,Magnesium,440.0,4438.0,11.0,,,,,,,B,ppm,Boron,0,0,0,1,0,0,0,0,2,4,0,0,0,0,5,8,0,0,0,0,9,16,0,0,0,0,17,1000000,0,0,0,0,0,1,0.0,0.0,0,0,1,2,0.0,0.0,0,0,2,3,0.0,0.0,0,0,3,4,0.0,0.0,0,0,4,1000000,0.0,0.0,,,,,,,,,,,,0.0,0.0,0.0,,,,,,,,False,0.3,1.0,0.6,4438,"Red Bell pepper transplanted 1-row, 40-inch bed",0.0032,0.0001,True,False,0,,,,,,,,,,,,,,,,,,,,,,,,,,,,,,,,,,,,,,,,,,,,,,,,,,,,,,,,,,,,,,,,,,,,,,,,,,,,,,,,,,,,,,,,,,,,,,,,,,,,,,,,,
7,Cabbage,False,True,,1.0411,0.1354,0.6429,0.04,0.62,317.0,4.6355,-9.6872,98.0,,0.63,1.71,-0.0061,,,,,,,,False,0.81,15.0,20.0,10.0,0.15,0.6,1.0,30.0,0.9,77.0,1.7,0.4,0.2,0.5,2.0,0.0,50.0,1.0,0.9,0.0,1.2,0.2,0.4,0.6,1.0,1.3,1.5,1.6,0.5,30,0.6,1.0,,1729.0,6347.0,1.0,,,,,1730.0,6347.0,2.0,,,,,1731.0,6347.0,3.0,,,,,1732.0,6347.0,4.0,,,,,1733.0,6347.0,5.0,,,,,1734.0,6347.0,6.0,,,,,1735.0,6347.0,7.0,,,,,1736.0,6347.0,8.0,,,,,1737.0,6347.0,9.0,,,,,1738.0,6347.0,10.0,,,,,1739.0,6347.0,11.0,,,,,1740.0,6347.0,12.0,,,,,446.0,6347.0,1.0,,,,,,,N,%,Nitrogen,447.0,6347.0,3.0,,,,,,,K,%,Potassium,448.0,6347.0,4.0,,,,,,,Ca,%,Calcium,449.0,6347.0,5.0,,,,,,,Mg,%,Magnesium,450.0,6347.0,11.0,,,,,,,B,ppm,Boron,91,6347,0,1,0,0,92,6347,2,4,0,0,93,6347,5,8,0,0,94,6347,9,16,0,0,95,6347,17,1000000,0,0,46,6347,0,1,0.0,0.0,47,6347,1,2,0.0,0.0,48,6347,2,3,0.0,0.0,49,6347,3,4,0.0,0.0,50,6347,4,1000000,0.0,0.0,,,,,,,,,,,,0.0,0.0,0.0,,,,,,,,False,0.5,1.0,0.6,6347,Red cabbage (Hawaii/Untested),0.0,0.0,True,False,0,,,,,,,,,,,,,,,,,,,,,,,,,,,,,,,,,,,,,,,,,,,,,,,,,,,,,,,,,,,,,,,,,,,,,,,,,,,,,,,,,,,,,,,,,,,,,,,,,,,,,,,,,
21,Kale baby green,False,True,,1.3946,0.1398,0.8701,0.3,1.0,80.0,4.7379,-9.9969,80.0,,0.63,1.5,-0.0039,,,,,,,,False,1.0,20.0,25.0,15.0,0.2,0.7,1.0,30.0,0.9,27.0,1.2,0.4,0.2,0.5,2.0,0.0,50.0,1.0,0.9,0.0,1.2,0.2,0.4,0.6,1.0,1.3,1.5,1.6,0.5,30,0.6,1.0,,85.0,6346.0,1.0,,,,,86.0,6346.0,2.0,,,,,87.0,6346.0,3.0,,,,,88.0,6346.0,4.0,,,,,89.0,6346.0,5.0,,,,,90.0,6346.0,6.0,,,,,91.0,6346.0,7.0,,,,,92.0,6346.0,8.0,,,,,93.0,6346.0,9.0,,,,,94.0,6346.0,10.0,,,,,95.0,6346.0,11.0,,,,,96.0,6346.0,12.0,,,,,441.0,6346.0,1.0,,,,,,,N,%,Nitrogen,442.0,6346.0,3.0,,,,,,,K,%,Potassium,443.0,6346.0,4.0,,,,,,,Ca,%,Calcium,444.0,6346.0,5.0,,,,,,,Mg,%,Magnesium,445.0,6346.0,11.0,,,,,,,B,ppm,Boron,86,6346,0,1,0,0,87,6346,2,4,0,0,88,6346,5,8,0,0,89,6346,9,16,0,0,90,6346,17,1000000,0,0,41,6346,0,1,0.0,0.0,42,6346,1,2,0.0,0.0,43,6346,2,3,0.0,0.0,44,6346,3,4,0.0,0.0,45,6346,4,1000000,0.0,0.0,,,,,,,,,,,,0.0,0.0,0.0,,,,,,,,False,0.7,1.0,0.4,6346,Red Russian Kale baby green (Hawaii/Untested),0.0,0.0,True,False,0,,,,,,,,,,,,,,,,,,,,,,,,,,,,,,,,,,,,,,,,,,,,,,,,,,,,,,,,,,,,,,,,,,,,,,,,,,,,,,,,,,,,,,,,,,,,,,,,,,,,,,,,,
1,Lettuce-Romaine,False,True,,1.2021,0.1102,0.8275,0.16,0.7,120.0,6.2,-11.5,80.0,,0.63,1.5,-0.0039,,,,,,,,False,1.0,15.0,20.0,15.0,0.2,0.75,1.0,30.0,0.9,64.0,2.1,0.4,0.2,0.5,2.0,0.0,50.0,1.0,0.9,0.0,1.2,0.2,0.4,0.6,1.0,5.0,1.5,1.6,5.0,30,0.6,1.0,,1741.0,6345.0,1.0,,,,,1742.0,6345.0,2.0,,,,,1743.0,6345.0,3.0,,,,,1744.0,6345.0,4.0,,,,,1745.0,6345.0,5.0,,,,,1746.0,6345.0,6.0,,,,,1747.0,6345.0,7.0,,,,,1748.0,6345.0,8.0,,,,,1749.0,6345.0,9.0,,,,,1750.0,6345.0,10.0,,,,,1751.0,6345.0,11.0,,,,,1752.0,6345.0,12.0,,,,,451.0,6345.0,1.0,,,,,,,N,%,Nitrogen,452.0,6345.0,3.0,,,,,,,K,%,Potassium,453.0,6345.0,4.0,,,,,,,Ca,%,Calcium,454.0,6345.0,5.0,,,,,,,Mg,%,Magnesium,455.0,6345.0,11.0,,,,,,,B,ppm,Boron,96,6345,0,1,0,0,97,6345,2,4,0,0,98,6345,5,8,0,0,99,6345,9,16,0,0,100,6345,17,1000000,0,0,51,6345,0,1,0.0,0.0,52,6345,1,2,0.0,0.0,53,6345,2,3,0.0,0.0,54,6345,3,4,0.0,0.0,55,6345,4,1000000,0.0,0.0,,,,,,,,,,,,0.0,0.0,0.0,,,,,,,,False,0.5,1.0,0.6,6345,Romaine (Hawaii/Untested),0.0,5.0,True,False,0,,,,,,,,,,,,,,,,,,,,,,,,,,,,,,,,,,,,,,,,,,,,,,,,,,,,,,,,,,,,,,,,,,,,,,,,,,,,,,,,,,,,,,,,,,,,,,,,,,,,,,,,,
22,Maize,False,True,,0.9073,0.0943,0.5329,0.16,0.8,220.0,3.732,-9.4566,75.0,,12.6,1.72,-0.0077,-0.37,1.25,0.7,100.0,60.0,0.7,1.0,True,0.45,10.0,7.0,5.0,0.2,0.5,60.0,45.0,45.0,45.0,,,,0.6,2.0,4.5,40.0,0.5,0.6,105.0,1.3,0.7,1.0,0.6,1.0,1.3,1.5,1.6,0.5,30,63.0,2.0,,97.0,6344.0,1.0,,,,,98.0,6344.0,2.0,,,,,99.0,6344.0,3.0,,,,,100.0,6344.0,4.0,,,,,101.0,6344.0,5.0,,,,,102.0,6344.0,6.0,,,,,103.0,6344.0,7.0,,,,,104.0,6344.0,8.0,,,,,105.0,6344.0,9.0,,,,,106.0,6344.0,10.0,,,,,107.0,6344.0,11.0,,,,,108.0,6344.0,12.0,,,,,456.0,6344.0,1.0,,,,,,,N,%,Nitrogen,457.0,6344.0,3.0,,,,,,,K,%,Potassium,458.0,6344.0,4.0,,,,,,,Ca,%,Calcium,459.0,6344.0,5.0,,,,,,,Mg,%,Magnesium,460.0,6344.0,11.0,,,,,,,B,ppm,Boron,1,6344,0,1,0,0,2,6344,2,4,0,0,3,6344,5,8,0,0,4,6344,9,16,0,0,5,6344,17,1000000,0,0,1,6344,0,1,0.0,0.0,2,6344,1,2,0.0,0.0,3,6344,2,3,0.0,0.0,4,6344,3,4,0.0,0.0,5,6344,4,1000000,0.0,0.0,,,,,,,,,,,,0.0,0.0,0.0,,,,,,,,False,0.4,1.0,0.6,6344,Seed corn (Hawaii),0.0,0.7,True,False,0,,,,,,,,,,,,,,,,,,,,,,,,,,,,,,,,,,,,,,,,,,,,,,,,,,,,,,,,,,,,,,,,,,,,,,,,,,,,,,,,,,,,,,,,,,,,,,,,,,,,,,,,,
3,Spinach,False,True,,1.3946,0.1398,0.8701,0.3,1.0,80.0,4.7379,-9.9969,80.0,,0.63,1.5,-0.0039,,,,,,,,False,1.0,20.0,25.0,15.0,0.2,0.7,25.0,20.0,,,,,,0.3,1.5,30.0,100.0,1.0,0.9,27.0,1.2,0.2,0.4,0.6,1.0,1.3,1.0,1.0,0.5,0,80.0,36.0,,1753.0,25.0,1.0,,,,,1754.0,25.0,2.0,,,,,1755.0,25.0,3.0,,,,,1756.0,25.0,4.0,,,,,1757.0,25.0,5.0,,,,,1758.0,25.0,6.0,,,,,1759.0,25.0,7.0,,,,,1760.0,25.0,8.0,,,,,1761.0,25.0,9.0,,,,,1762.0,25.0,10.0,,,,,1763.0,25.0,11.0,,,,,1764.0,25.0,12.0,,,,,461.0,25.0,1.0,,,,,,,N,%,Nitrogen,462.0,25.0,3.0,,,,,,,K,%,Potassium,463.0,25.0,4.0,,,,,,,Ca,%,Calcium,464.0,25.0,5.0,,,,,,,Mg,%,Magnesium,465.0,25.0,11.0,,,,,,,B,ppm,Boron,0,0,0,1,0,0,0,0,2,4,0,0,0,0,5,8,0,0,0,0,9,16,0,0,0,0,17,1000000,0,0,0,0,0,1,0.0,0.0,0,0,1,2,0.0,0.0,0,0,2,3,0.0,0.0,0,0,3,4,0.0,0.0,0,0,4,1000000,0.0,0.0,,,,,,,,,,,,0.0,0.0,0.0,,,,,,,,False,0.7,1.0,0.4,25,Spinach (baby)  80-inch bed,0.0,0.0,True,False,0,,,,,,,,,,,,,,,,,,,,,,,,,,,,,,,,,,,,,,,,,,,,,,,,,,,,,,,,,,,,,,,,,,,,,,,,,,,,,,,,,,,,,,,,,,,,,,,,,,,,,,,,,
3,Spinach,False,True,,1.6637,0.1605,0.9369,0.3,1.0,130.0,4.7379,-9.9969,80.0,,0.63,1.5,-0.0039,,,,,,,,False,1.0,20.0,20.0,15.0,0.2,0.8,25.0,20.0,,,,,,0.3,1.5,30.0,100.0,1.0,0.9,34.0,1.2,0.2,0.4,0.6,1.0,1.3,1.0,1.0,0.5,30,80.0,20.0,,1765.0,27.0,1.0,,,,,1766.0,27.0,2.0,,,,,1767.0,27.0,3.0,,,,,1768.0,27.0,4.0,,,,,1769.0,27.0,5.0,,,,,1770.0,27.0,6.0,,,,,1771.0,27.0,7.0,,,,,1772.0,27.0,8.0,,,,,1773.0,27.0,9.0,,,,,1774.0,27.0,10.0,,,,,1775.0,27.0,11.0,,,,,1776.0,27.0,12.0,,,,,466.0,27.0,1.0,,,,,,,N,%,Nitrogen,467.0,27.0,3.0,,,,,,,K,%,Potassium,468.0,27.0,4.0,,,,,,,Ca,%,Calcium,469.0,27.0,5.0,,,,,,,Mg,%,Magnesium,470.0,27.0,11.0,,,,,,,B,ppm,Boron,0,0,0,1,0,0,0,0,2,4,0,0,0,0,5,8,0,0,0,0,9,16,0,0,0,0,17,1000000,0,0,0,0,0,1,0.0,0.0,0,0,1,2,0.0,0.0,0,0,2,3,0.0,0.0,0,0,3,4,0.0,0.0,0,0,4,1000000,0.0,0.0,,,,,,,,,,,,0.0,0.0,0.0,,,,,,,,False,0.7,1.0,0.4,27,Spinach (bunch) 80-inch bed,0.0,0.0,True,False,0,,,,,,,,,,,,,,,,,,,,,,,,,,,,,,,,,,,,,,,,,,,,,,,,,,,,,,,,,,,,,,,,,,,,,,,,,,,,,,,,,,,,,,,,,,,,,,,,,,,,,,,,,
3,Spinach ,False,True,,1.3946,0.1398,0.8701,0.3,1.0,96.0,4.7379,-9.9969,80.0,,0.63,1.5,-0.0039,,,,,,,,False,1.0,20.0,25.0,15.0,0.2,0.8,25.0,20.0,,,,,,0.3,1.5,30.0,100.0,1.0,0.9,29.0,1.2,0.2,0.4,0.6,1.0,1.3,1.0,1.0,0.5,0,80.0,36.0,,1777.0,26.0,1.0,,,,,1778.0,26.0,2.0,,,,,1779.0,26.0,3.0,,,,,1780.0,26.0,4.0,,,,,1781.0,26.0,5.0,,,,,1782.0,26.0,6.0,,,,,1783.0,26.0,7.0,,,,,1784.0,26.0,8.0,,,,,1785.0,26.0,9.0,,,,,1786.0,26.0,10.0,,,,,1787.0,26.0,11.0,,,,,1788.0,26.0,12.0,,,,,471.0,26.0,1.0,,,,,,,N,%,Nitrogen,472.0,26.0,3.0,,,,,,,K,%,Potassium,473.0,26.0,4.0,,,,,,,Ca,%,Calcium,474.0,26.0,5.0,,,,,,,Mg,%,Magnesium,475.0,26.0,11.0,,,,,,,B,ppm,Boron,0,0,0,1,0,0,0,0,2,4,0,0,0,0,5,8,0,0,0,0,9,16,0,0,0,0,17,1000000,0,0,0,0,0,1,0.0,0.0,0,0,1,2,0.0,0.0,0,0,2,3,0.0,0.0,0,0,3,4,0.0,0.0,0,0,4,1000000,0.0,0.0,,,,,,,,,,,,0.0,0.0,0.0,,,,,,,,False,0.6,1.0,0.4,26,Spinach (teen)  80-inch bed,0.0,0.0,True,False,0,,,,,,,,,,,,,,,,,,,,,,,,,,,,,,,,,,,,,,,,,,,,,,,,,,,,,,,,,,,,,,,,,,,,,,,,,,,,,,,,,,,,,,,,,,,,,,,,,,,,,,,,,
6,Strawberry,False,True,,1.21,0.11,0.64,0.22,0.45,214.0,1.71,-4.82,90.0,,0.63,1.5,-0.0039,,,,,,,,False,0.7,15.0,12.0,5.0,0.3,0.5,25.0,20.0,,,,,,0.3,1.5,10.0,50.0,1.0,0.9,268.0,2.1,0.2,0.4,0.6,1.0,1.3,1.5,1.6,0.5,30,80.0,7.0,,,,,,,,,,,,,,,,,,,,,,,,,,,,,,,,,,,,,,,,,,,,,,,,,,,,,,,,,,,,,,,,,,,,,,,,,,,,,,,,,,,,,,42275.0,15728.0,1.0,,,,,,,N,%,Nitrogen,42276.0,15728.0,2.0,,,,,,,P,%,Phosphorus,42277.0,15728.0,3.0,,,,,,,K,%,Potassium,42278.0,15728.0,4.0,,,,,,,Ca,%,Calcium,42279.0,15728.0,5.0,,,,,,,Mg,%,Magnesium,36577,15728,0,1,0,0,36578,15728,2,4,0,0,36579,15728,5,8,0,0,36580,15728,9,16,0,0,36581,15728,17,1000000,0,0,14261,15728,0,1,0.0,0.0,14262,15728,1,2,0.0,0.0,14263,15728,2,3,0.0,0.0,14264,15728,3,4,0.0,0.0,14265,15728,4,1000000,0.0,0.0,,,,,,,,,,,,0.0,0.0,0.0,1.0,,,,,,,False,0.9,1.0,0.5,15728,Strawberry Nursery (Mother and Daughter),0.0029,2.776,True,False,0,,,,,,,,,,,,,,,,,,,,,,,,,,,,,,,,,,,,,,,,,,,,,,,,,,,,,,,,,,,,,,,,,,,,,,,,,,,,,,,,,,42281.0,15728.0,6.0,,,,,,,S,%,Sulfur,42280.0,15728.0,11.0,,,,,,,B,ppm,Boron
6,Strawberry,False,True,,1.21,0.11,0.64,0.22,0.45,214.0,1.71,-4.82,85.0,,0.63,1.5,-0.0039,,,,,,,,False,0.84,15.0,12.0,5.0,0.3,0.5,25.0,20.0,,,,,,0.3,1.5,10.0,50.0,1.0,0.9,268.0,2.1,0.2,0.4,0.6,1.0,1.3,1.5,1.6,0.5,30,68.0,4.0,,45185.0,3060.0,1.0,,,,,45186.0,3060.0,2.0,,,,,45187.0,3060.0,3.0,,,,,45188.0,3060.0,4.0,,,,,45189.0,3060.0,5.0,,,,,45190.0,3060.0,6.0,,,,,45191.0,3060.0,7.0,,,,,45192.0,3060.0,8.0,,,,,45193.0,3060.0,9.0,,,,,45194.0,3060.0,10.0,,,,,45195.0,3060.0,11.0,,,,,45196.0,3060.0,12.0,,,,,16409.0,3060.0,1.0,,,,,,,N,%,Nitrogen,16410.0,3060.0,2.0,,,,,,,P,%,Phosphorus,16411.0,3060.0,3.0,,,,,,,K,%,Potassium,16412.0,3060.0,4.0,,,,,,,Ca,%,Calcium,16413.0,3060.0,5.0,,,,,,,Mg,%,Magnesium,14097,3060,0,1,0,0,14098,3060,2,4,0,0,14099,3060,5,8,0,0,14100,3060,9,16,0,0,14101,3060,17,1000000,0,0,181,3060,0,1,0.0,0.0,182,3060,1,2,0.0,0.0,183,3060,2,3,0.0,0.0,184,3060,3,4,0.0,0.0,185,3060,4,1000000,0.0,0.0,,,,,,,,,,,,0.0,0.0,0.0,,,,,,,,False,0.1,1.0,0.5,3060,"Strawberry, 4 row, 68-inch bed, fall Oxnard",0.0029,2.776,True,False,0,,,,,,,,,,,,,,,,,,,,,,,,,,,,,,,,,,,,,,,,,,,,,,,,,,,,,,,,,,,,,,,,,,,,,,,,,,,,,,,,,,16415.0,3060.0,6.0,,,,,,,S,%,Sulfur,16414.0,3060.0,11.0,,,,,,,B,ppm,Boron
6,Strawberry,False,True,,1.2108,0.1107,0.6407,0.15,0.51,170.0,4.808,-8.798,68.0,,0.63,1.5,-0.0039,,,,,,,,False,0.88,18.0,12.0,5.0,0.3,0.5,25.0,20.0,,,,,,0.3,1.5,10.0,50.0,1.0,0.9,373.0,2.1,0.2,0.4,0.6,1.0,1.3,1.5,1.6,0.5,30,52.0,2.0,,45197.0,12.0,1.0,,,,,45198.0,12.0,2.0,,,,,45199.0,12.0,3.0,,,,,45200.0,12.0,4.0,,,,,45201.0,12.0,5.0,,,,,45202.0,12.0,6.0,,,,,45203.0,12.0,7.0,,,,,45204.0,12.0,8.0,,,,,45205.0,12.0,9.0,,,,,45206.0,12.0,10.0,,,,,45207.0,12.0,11.0,,,,,45208.0,12.0,12.0,,,,,16416.0,12.0,1.0,,,,,,,N,%,Nitrogen,16417.0,12.0,2.0,,,,,,,P,%,Phosphorus,16418.0,12.0,3.0,,,,,,,K,%,Potassium,16419.0,12.0,4.0,,,,,,,Ca,%,Calcium,16420.0,12.0,5.0,,,,,,,Mg,%,Magnesium,14102,12,0,1,0,0,14103,12,2,4,0,0,14104,12,5,8,0,0,14105,12,9,16,0,0,14106,12,17,1000000,0,0,186,12,0,1,0.0,0.0,187,12,1,2,0.0,0.0,188,12,2,3,0.0,0.0,189,12,3,4,0.0,0.0,190,12,4,1000000,0.0,0.0,,,,,,,,,,,,0.0,0.0,0.0,,,,,,,,False,0.1,0.3,0.5,12,"Strawberry-Albion, 2 row, 52-inch bed",0.0029,2.776,True,False,0,,,,,,,,,,,,,,,,,,,,,,,,,,,,,,,,,,,,,,,,,,,,,,,,,,,,,,,,,,,,,,,,,,,,,,,,,,,,,,,,,,16422.0,12.0,6.0,,,,,,,S,%,Sulfur,16421.0,12.0,11.0,,,,,,,B,ppm,Boron
6,Strawberry,False,True,,1.2108,0.1107,0.6407,0.15,0.51,203.0,4.8688,-9.3957,83.0,,0.63,1.5,-0.0039,,,,,,,,False,0.8,15.0,12.0,5.0,0.3,0.5,25.0,20.0,,,,,,0.3,1.5,10.0,40.0,1.0,0.9,374.0,2.1,0.2,0.4,0.6,1.0,1.3,1.5,1.6,0.4,30,64.0,4.0,,45209.0,16.0,1.0,,,,,45210.0,16.0,2.0,,,,,45211.0,16.0,3.0,,,,,45212.0,16.0,4.0,,,,,45213.0,16.0,5.0,,,,,45214.0,16.0,6.0,,,,,45215.0,16.0,7.0,,,,,45216.0,16.0,8.0,,,,,45217.0,16.0,9.0,,,,,45218.0,16.0,10.0,,,,,45219.0,16.0,11.0,,,,,45220.0,16.0,12.0,,,,,16423.0,16.0,1.0,,,,,,,N,%,Nitrogen,16424.0,16.0,2.0,,,,,,,P,%,Phosphorus,16425.0,16.0,3.0,,,,,,,K,%,Potassium,16426.0,16.0,4.0,,,,,,,Ca,%,Calcium,16427.0,16.0,5.0,,,,,,,Mg,%,Magnesium,14107,16,0,1,0,0,14108,16,2,4,0,0,14109,16,5,8,0,0,14110,16,9,16,0,0,14111,16,17,1000000,0,0,191,16,0,1,0.0,0.0,192,16,1,2,0.0,0.0,193,16,2,3,0.0,0.0,194,16,3,4,0.0,0.0,195,16,4,1000000,0.0,0.0,,,,,,,,,,,,0.0,0.0,0.0,,,,,,,,False,0.1,1.0,0.5,16,"Strawberry-Albion, 4 row, 64-inch bed",0.0029,2.776,True,False,0,,,,,,,,,,,,,,,,,,,,,,,,,,,,,,,,,,,,,,,,,,,,,,,,,,,,,,,,,,,,,,,,,,,,,,,,,,,,,,,,,,16429.0,16.0,6.0,,,,,,,S,%,Sulfur,16428.0,16.0,11.0,,,,,,,B,ppm,Boron
6,Strawberry,False,True,,1.2108,0.1107,0.6407,0.22,0.45,214.0,4.6471,-7.2232,75.0,,0.63,1.5,-0.0039,,,,,,,,False,0.86,15.0,12.0,5.0,0.3,0.5,25.0,20.0,,,,,,0.3,1.5,10.0,40.0,1.0,0.9,380.0,2.1,0.2,0.4,0.6,1.0,1.3,1.5,1.6,0.4,30,48.0,2.0,,45221.0,22.0,1.0,,,,,45222.0,22.0,2.0,,,,,45223.0,22.0,3.0,,,,,45224.0,22.0,4.0,,,,,45225.0,22.0,5.0,,,,,45226.0,22.0,6.0,,,,,45227.0,22.0,7.0,,,,,45228.0,22.0,8.0,,,,,45229.0,22.0,9.0,,,,,45230.0,22.0,10.0,,,,,45231.0,22.0,11.0,,,,,45232.0,22.0,12.0,,,,,16430.0,22.0,1.0,,,,,,,N,%,Nitrogen,16431.0,22.0,2.0,,,,,,,P,%,Phosphorus,16432.0,22.0,3.0,,,,,,,K,%,Potassium,16433.0,22.0,4.0,,,,,,,Ca,%,Calcium,16434.0,22.0,5.0,,,,,,,Mg,%,Magnesium,14112,22,0,1,0,0,14113,22,2,4,0,0,14114,22,5,8,0,0,14115,22,9,16,0,0,14116,22,17,1000000,0,0,196,22,0,1,0.0,0.0,197,22,1,2,0.0,0.0,198,22,2,3,0.0,0.0,199,22,3,4,0.0,0.0,200,22,4,1000000,0.0,0.0,,,,,,,,,,,,0.0,0.0,0.0,,,,,,,,False,0.1,0.1,0.1,22,"Strawberry-Proprietary#1, 2 row, 48-inch bed",0.0029,2.776,True,False,0,,,,,,,,,,,,,,,,,,,,,,,,,,,,,,,,,,,,,,,,,,,,,,,,,,,,,,,,,,,,,,,,,,,,,,,,,,,,,,,,,,16436.0,22.0,6.0,,,,,,,S,%,Sulfur,16435.0,22.0,11.0,,,,,,,B,ppm,Boron
6,Strawberry,False,True,,1.2108,0.1107,0.6407,0.22,0.45,214.0,5.2877,-8.8449,74.0,,0.63,1.5,-0.0039,,,,,,,,False,0.88,15.0,12.0,5.0,0.3,0.5,25.0,20.0,,,,,,0.3,1.5,10.0,50.0,1.0,0.9,380.0,2.1,0.2,0.4,0.6,1.0,1.3,1.5,1.6,0.5,30,52.0,2.0,,45233.0,19.0,1.0,,,,,45234.0,19.0,2.0,,,,,45235.0,19.0,3.0,,,,,45236.0,19.0,4.0,,,,,45237.0,19.0,5.0,,,,,45238.0,19.0,6.0,,,,,45239.0,19.0,7.0,,,,,45240.0,19.0,8.0,,,,,45241.0,19.0,9.0,,,,,45242.0,19.0,10.0,,,,,45243.0,19.0,11.0,,,,,45244.0,19.0,12.0,,,,,16437.0,19.0,1.0,,,,,,,N,%,Nitrogen,16438.0,19.0,2.0,,,,,,,P,%,Phosphorus,16439.0,19.0,3.0,,,,,,,K,%,Potassium,16440.0,19.0,4.0,,,,,,,Ca,%,Calcium,16441.0,19.0,5.0,,,,,,,Mg,%,Magnesium,14117,19,0,1,0,0,14118,19,2,4,0,0,14119,19,5,8,0,0,14120,19,9,16,0,0,14121,19,17,1000000,0,0,201,19,0,1,0.0,0.0,202,19,1,2,0.0,0.0,203,19,2,3,0.0,0.0,204,19,3,4,0.0,0.0,205,19,4,1000000,0.0,0.0,,,,,,,,,,,,0.0,0.0,0.0,,,,,,,,False,0.1,1.0,0.5,19,"Strawberry-Proprietary#1, 2 row, 52-inch bed",0.0029,2.776,True,False,0,,,,,,,,,,,,,,,,,,,,,,,,,,,,,,,,,,,,,,,,,,,,,,,,,,,,,,,,,,,,,,,,,,,,,,,,,,,,,,,,,,16443.0,19.0,6.0,,,,,,,S,%,Sulfur,16442.0,19.0,11.0,,,,,,,B,ppm,Boron
33,,False,True,,0.9586,0.0647,0.3483,0.0,0.8,120.0,4.9508,-13.876,80.0,,1.22,1.72,-0.0059,-0.36,1.24,,80.0,80.0,0.5,0.57,True,0.55,15.0,20.0,15.0,0.2,3.0,60.0,60.0,35.0,35.0,,,,3.5,4.0,0.0,50.0,0.0,0.9,228.0,0.0,0.0,0.0,0.0,0.0,0.0,0.0,0.0,0.0,0,40.0,2.0,1.5,40037.0,10193.0,1.0,,35.0,1.0,50.0,40038.0,10193.0,2.0,,40.0,1.0,30.0,40039.0,10193.0,3.0,,37.0,0.0,30.0,40040.0,10193.0,4.0,,35.0,0.0,0.0,40041.0,10193.0,5.0,,35.0,0.0,0.0,40042.0,10193.0,6.0,,35.0,0.0,0.0,40043.0,10193.0,7.0,,35.0,0.0,0.0,40044.0,10193.0,8.0,,35.0,0.0,0.0,40045.0,10193.0,9.0,,37.0,0.0,0.0,40046.0,10193.0,10.0,,39.0,0.0,0.0,40047.0,10193.0,11.0,,42.0,0.0,0.0,40048.0,10193.0,12.0,,45.0,0.0,0.0,14019.0,10193.0,1.0,3.579404,7.0,,1.0,-1.6969,0.75595,N,%,Nitrogen,14020.0,10193.0,2.0,0.2076149,2.0,,,,,P,%,Phosphorus,14021.0,10193.0,3.0,2.283383,5.0,,39.09,3.55387,,K,%,Potassium,14022.0,10193.0,4.0,1.6696596,6.0,,40.078,2.0,,Ca,%,Calcium,14023.0,10193.0,5.0,0.4193043,0.6,,24.305,2.0,,Mg,%,Magnesium,11722,10193,0,1,5,10,11723,10193,2,4,20,25,11724,10193,5,8,40,45,11725,10193,9,16,30,35,11726,10193,17,1000000,25,30,86,10193,0,1,2.5,1.5,87,10193,1,2,3.0,2.5,88,10193,2,3,3.5,3.0,89,10193,3,4,4.0,4.0,90,10193,4,1000000,4.0,4.0,-0.002,0.8,0.0,0.5,0.8,30.0,60.0,2.3,2.7,20.0,80.0,0.0,0.0,0.0,1.0,17.86583,0.36896,-0.76871,8.81457,3.6482,14.0,False,0.15,1.0,1.0,10193,Walnut Sacramento Valley,0.016,0.0,True,False,0,1189.0,10193.0,0.0,4.95,-13.87,-0.4,1.32,15.0,0.67,1190.0,10193.0,1.0,4.95,-13.87,-0.4,1.32,25.0,0.67,1191.0,10193.0,2.0,4.95,-13.87,-0.4,1.32,35.0,0.67,1192.0,10193.0,3.0,4.95,-13.87,-0.8,1.63,45.0,0.67,1193.0,10193.0,4.0,4.95,-13.87,-0.8,1.63,70.0,0.5,1194.0,10193.0,5.0,4.95,-13.87,-0.8,1.63,80.0,0.27,1195.0,10193.0,6.0,4.95,-13.87,-0.8,1.63,85.0,0.27,1196.0,10193.0,7.0,4.95,-13.87,-0.8,1.63,85.0,0.27,1197.0,10193.0,8.0,4.95,-13.87,-0.8,1.63,85.0,0.27,14025.0,10193.0,6.0,0.2316511,1.8,,,,,S,%,Sulfur,,,,,,,,,,,,
33,,False,True,,0.9586,0.0647,0.3483,0.0,0.8,120.0,4.9508,-13.876,80.0,,1.22,1.72,-0.0059,-0.36,1.24,,80.0,80.0,0.75,0.82,True,0.55,15.0,20.0,15.0,0.2,3.0,60.0,60.0,35.0,35.0,,,,3.5,4.0,0.0,50.0,0.0,0.9,228.0,0.0,0.0,0.0,0.0,0.0,0.0,0.0,0.0,0.0,0,40.0,2.0,1.5,65753.0,13862.0,1.0,,35.0,1.0,50.0,65754.0,13862.0,2.0,,40.0,1.0,30.0,65755.0,13862.0,3.0,,37.0,0.0,25.0,65756.0,13862.0,4.0,,35.0,0.0,0.0,65757.0,13862.0,5.0,,35.0,0.0,0.0,65758.0,13862.0,6.0,,35.0,0.0,0.0,65759.0,13862.0,7.0,,35.0,0.0,0.0,65760.0,13862.0,8.0,,35.0,0.0,0.0,65761.0,13862.0,9.0,,37.0,0.0,0.0,65762.0,13862.0,10.0,,39.0,0.0,0.0,65763.0,13862.0,11.0,,42.0,0.0,0.0,65764.0,13862.0,12.0,,45.0,0.0,0.0,32973.0,13862.0,1.0,3.579404,7.0,,1.0,-1.6969,0.75595,N,%,Nitrogen,32974.0,13862.0,2.0,0.2076149,2.0,,,,,P,%,Phosphorus,32975.0,13862.0,3.0,2.283383,5.0,,39.09,3.55387,,K,%,Potassium,32976.0,13862.0,4.0,1.6696596,6.0,,40.078,2.0,,Ca,%,Calcium,32977.0,13862.0,5.0,0.4193043,0.6,,24.305,2.0,,Mg,%,Magnesium,27242,13862,0,1,5,10,27243,13862,2,4,20,25,27244,13862,5,8,40,45,27245,13862,9,16,30,35,27246,13862,17,1000000,25,30,4846,13862,0,1,2.5,1.5,4847,13862,1,2,3.0,2.5,4848,13862,2,3,3.5,3.0,4849,13862,3,4,4.0,4.0,4850,13862,4,1000000,4.0,4.0,-0.002,0.8,0.0,0.5,0.8,30.0,60.0,2.3,2.7,20.0,80.0,0.0,0.0,0.0,1.0,17.86583,0.36896,-0.76871,8.81457,3.6482,14.0,False,0.15,1.0,1.0,13862,Walnut Southern San Joaquin Valley,0.016,0.0,True,False,0,5725.0,13862.0,0.0,4.95,-13.87,-0.4,1.32,15.0,0.67,5726.0,13862.0,1.0,4.95,-13.87,-0.4,1.32,25.0,0.67,5727.0,13862.0,2.0,4.95,-13.87,-0.4,1.32,35.0,0.67,5728.0,13862.0,3.0,4.95,-13.87,-0.8,1.63,50.0,0.67,5729.0,13862.0,4.0,4.95,-13.87,-0.8,1.63,60.0,0.5,5730.0,13862.0,5.0,4.95,-13.87,-0.8,1.63,75.0,0.27,5731.0,13862.0,6.0,4.95,-13.87,-0.8,1.63,85.0,0.27,5732.0,13862.0,7.0,4.95,-13.87,-0.8,1.63,85.0,0.27,5733.0,13862.0,8.0,4.95,-13.87,-0.8,1.63,85.0,0.27,32979.0,13862.0,6.0,0.2316511,1.8,,,,,S,%,Sulfur,,,,,,,,,,,,
26,Processing Tomato,False,True,,0.9073,0.0943,0.5329,0.16,0.7,200.0,4.9508,-13.876,98.0,,0.126,1.72,-0.0077,-0.1137,1.05,0.6,100.0,60.0,0.7,1.0,True,0.94,10.0,7.0,5.0,0.2,0.5,30.0,25.0,20.0,20.0,,,,0.3,3.0,4.5,50.0,-0.11,0.6,90.0,40.0,0.7,1.0,0.6,1.0,1.3,1.5,1.6,0.5,30,80.0,1.0,,109.0,6343.0,1.0,,,,,110.0,6343.0,2.0,,,,,111.0,6343.0,3.0,,,,,112.0,6343.0,4.0,,,,,113.0,6343.0,5.0,,,,,114.0,6343.0,6.0,,,,,115.0,6343.0,7.0,,,,,116.0,6343.0,8.0,,,,,117.0,6343.0,9.0,,,,,118.0,6343.0,10.0,,,,,119.0,6343.0,11.0,,,,,120.0,6343.0,12.0,,,,,14104.0,6343.0,1.0,,,,,,,N,%,Nitrogen,14105.0,6343.0,2.0,,,,,,,P,%,Phosphorus,14106.0,6343.0,3.0,,,,,,,K,%,Potassium,14107.0,6343.0,4.0,,,,,,,Ca,%,Calcium,14108.0,6343.0,5.0,,,,,,,Mg,%,Magnesium,11802,6343,0,1,0,0,11803,6343,2,4,0,0,11804,6343,5,8,0,0,11805,6343,9,16,0,0,11806,6343,17,1000000,0,0,91,6343,0,1,0.0,0.0,92,6343,1,2,0.0,0.0,93,6343,2,3,0.0,0.0,94,6343,3,4,0.0,0.0,95,6343,4,1000000,0.0,0.0,,,,,,,,,,,,0.0,0.0,0.0,1.0,,,,,,,False,0.25,1.0,0.5,6343,Watermelon (Guam) Untested,0.0,0.7,True,False,0,,,,,,,,,,,,,,,,,,,,,,,,,,,,,,,,,,,,,,,,,,,,,,,,,,,,,,,,,,,,,,,,,,,,,,,,,,,,,,,,,,14110.0,6343.0,6.0,,,,,,,S,%,Sulfur,14109.0,6343.0,11.0,,,,,,,B,ppm,Boron
39,,False,True,,0.9586,0.0647,0.3483,0.0,0.8,120.0,4.9508,-13.876,80.0,,1.22,1.72,-0.0059,-0.36,1.24,,50.0,50.0,0.3,0.65,True,0.55,15.0,20.0,15.0,0.2,3.0,80.0,80.0,60.0,60.0,,,,3.5,4.0,0.0,15.0,0.0,0.9,250.0,0.0,0.0,0.0,0.0,0.0,0.0,0.0,0.0,0.0,0,40.0,2.0,1.5,65681.0,13843.0,1.0,,35.0,1.0,50.0,65682.0,13843.0,2.0,,40.0,1.0,30.0,65683.0,13843.0,3.0,,37.0,0.0,30.0,65684.0,13843.0,4.0,,35.0,0.0,20.0,65685.0,13843.0,5.0,,35.0,0.0,0.0,65686.0,13843.0,6.0,,35.0,0.0,0.0,65687.0,13843.0,7.0,,35.0,0.0,0.0,65688.0,13843.0,8.0,,35.0,0.0,0.0,65689.0,13843.0,9.0,,37.0,0.0,0.0,65690.0,13843.0,10.0,,39.0,0.0,0.0,65691.0,13843.0,11.0,,42.0,0.0,0.0,65692.0,13843.0,12.0,,45.0,0.0,0.0,,,,,,,,,,,,,,,,,,,,,,,,,,,,,,,,,,,,,,,,,,,,,,,,,,,,,,,,,,,,,27147,13843,0,1,5,7,27148,13843,2,4,5,10,27149,13843,5,8,7,12,27150,13843,9,16,8,12,27151,13843,17,1000000,8,12,4736,13843,0,1,2.5,1.5,4737,13843,1,2,3.0,2.5,4738,13843,2,3,3.5,3.0,4739,13843,3,4,4.0,3.5,4740,13843,4,1000000,4.0,4.0,-0.002,0.8,0.0,0.5,0.7,20.0,60.0,2.3,2.7,5.0,90.0,0.0,0.0,0.0,1.0,17.86583,0.36896,-0.76871,8.81457,3.6482,14.0,False,0.15,1.0,1.0,13843,Wine Grape Central Coast,0.0015,0.0,True,False,0,5671.0,13843.0,0.0,4.95,-13.87,-0.4,1.24,10.0,0.67,5672.0,13843.0,1.0,4.95,-13.87,-0.4,1.32,20.0,0.67,5673.0,13843.0,2.0,4.9,-13.7,-0.45,1.32,30.0,0.69,5674.0,13843.0,3.0,4.95,-13.87,-0.92,1.63,40.0,0.67,5675.0,13843.0,4.0,4.95,-13.87,-0.92,1.63,50.0,0.5,5676.0,13843.0,5.0,4.95,-13.87,-0.92,1.63,60.0,0.27,5677.0,13843.0,6.0,4.95,-13.87,-0.92,1.63,65.0,0.27,5678.0,13843.0,7.0,4.95,-13.87,-0.92,1.63,70.0,0.27,5679.0,13843.0,8.0,4.95,-13.87,-0.92,1.63,70.0,0.27,,,,,,,,,,,,,,,,,,,,,,,,
23,Zucchini,False,True,,0.9073,0.0943,0.5329,0.16,0.7,220.0,4.9508,-13.876,98.0,,0.126,1.72,-0.0077,-0.1137,1.05,0.6,100.0,60.0,0.7,1.0,True,0.94,10.0,7.0,5.0,0.2,0.5,60.0,45.0,30.0,30.0,,,,0.3,3.0,4.5,50.0,-0.11,0.6,100.0,1.2,0.7,1.0,0.6,1.0,1.3,1.5,1.6,0.5,30,0.6,1.6,,1789.0,6342.0,1.0,,,,,1790.0,6342.0,2.0,,,,,1791.0,6342.0,3.0,,,,,1792.0,6342.0,4.0,,,,,1793.0,6342.0,5.0,,,,,1794.0,6342.0,6.0,,,,,1795.0,6342.0,7.0,,,,,1796.0,6342.0,8.0,,,,,1797.0,6342.0,9.0,,,,,1798.0,6342.0,10.0,,,,,1799.0,6342.0,11.0,,,,,1800.0,6342.0,12.0,,,,,476.0,6342.0,1.0,,,,,,,N,%,Nitrogen,477.0,6342.0,3.0,,,,,,,K,%,Potassium,478.0,6342.0,4.0,,,,,,,Ca,%,Calcium,479.0,6342.0,5.0,,,,,,,Mg,%,Magnesium,480.0,6342.0,11.0,,,,,,,B,ppm,Boron,101,6342,0,1,0,0,102,6342,2,4,0,0,103,6342,5,8,0,0,104,6342,9,16,0,0,105,6342,17,1000000,0,0,56,6342,0,1,0.0,0.0,57,6342,1,2,0.0,0.0,58,6342,2,3,0.0,0.0,59,6342,3,4,0.0,0.0,60,6342,4,1000000,0.0,0.0,,,,,,,,,,,,0.0,0.0,0.0,1.0,,,,,,,True,0.5,1.0,0.6,6342,Zucchini (Hawaii/Untested),0.0,0.7,True,False,0,,,,,,,,,,,,,,,,,,,,,,,,,,,,,,,,,,,,,,,,,,,,,,,,,,,,,,,,,,,,,,,,,,,,,,,,,,,,,,,,,,,,,,,,,,,,,,,,,,,,,,,,,
